ReadGroup,CovariateValue,CovariateName,EventType,Observations,Errors,EmpiricalQuality,AverageReportedQuality,Accuracy,Recalibration
1_KB_A10_L001,AA,Context,Base Substitution,378218849,2170023.00,22.00,26.85,-4.85,Before
1_KB_A10_L001,CA,Context,Base Substitution,379732804,2154522.00,22.00,27.89,-5.89,Before
1_KB_A10_L001,GA,Context,Base Substitution,319838200,1595329.00,23.00,28.30,-5.30,Before
1_KB_A10_L001,TA,Context,Base Substitution,222421669,2366071.00,20.00,27.30,-7.30,Before
1_KB_A10_L001,AC,Context,Base Substitution,275790353,1483528.00,23.00,28.30,-5.30,Before
1_KB_A10_L001,CC,Context,Base Substitution,256322642,1645221.00,22.00,28.10,-6.10,Before
1_KB_A10_L001,GC,Context,Base Substitution,268688247,1076810.00,24.00,28.41,-4.41,Before
1_KB_A10_L001,TC,Context,Base Substitution,322613391,1526431.00,23.00,28.29,-5.29,Before
1_KB_A10_L001,AG,Context,Base Substitution,329037145,1770225.00,23.00,26.03,-3.03,Before
1_KB_A10_L001,CG,Context,Base Substitution,157591257,1843290.00,19.00,26.65,-7.65,Before
1_KB_A10_L001,GG,Context,Base Substitution,258215705,1574231.00,22.00,26.62,-4.62,Before
1_KB_A10_L001,TG,Context,Base Substitution,381043444,1650151.00,24.00,26.81,-2.81,Before
1_KB_A10_L001,AT,Context,Base Substitution,310139260,1875509.00,22.00,25.21,-3.21,Before
1_KB_A10_L001,CT,Context,Base Substitution,337568647,1333200.00,24.00,25.95,-1.95,Before
1_KB_A10_L001,GT,Context,Base Substitution,283821129,1409995.00,23.00,25.28,-2.28,Before
1_KB_A10_L001,TT,Context,Base Substitution,387175673,2322371.00,22.00,25.86,-3.86,Before
1_KB_A10_L001,1,Cycle,Base Substitution,32397593,17868.00,33.00,29.80,3.20,Before
1_KB_A10_L001,-1,Cycle,Base Substitution,31832725,18603.00,32.00,25.37,6.63,Before
1_KB_A10_L001,2,Cycle,Base Substitution,32382067,22154.00,32.00,29.26,2.74,Before
1_KB_A10_L001,-2,Cycle,Base Substitution,31841387,36769.00,29.00,26.22,2.78,Before
1_KB_A10_L001,3,Cycle,Base Substitution,32332981,172795.00,23.00,29.46,-6.46,Before
1_KB_A10_L001,-3,Cycle,Base Substitution,31788898,391654.00,19.00,26.55,-7.55,Before
1_KB_A10_L001,4,Cycle,Base Substitution,32213663,157498.00,23.00,29.73,-6.73,Before
1_KB_A10_L001,-4,Cycle,Base Substitution,31632364,355690.00,20.00,26.41,-6.41,Before
1_KB_A10_L001,5,Cycle,Base Substitution,32090176,154736.00,23.00,29.82,-6.82,Before
1_KB_A10_L001,-5,Cycle,Base Substitution,31538866,340326.00,20.00,26.38,-6.38,Before
1_KB_A10_L001,6,Cycle,Base Substitution,31925613,145902.00,23.00,29.72,-6.72,Before
1_KB_A10_L001,-6,Cycle,Base Substitution,31415095,281381.00,20.00,26.39,-6.39,Before
1_KB_A10_L001,7,Cycle,Base Substitution,31774511,161731.00,23.00,29.27,-6.27,Before
1_KB_A10_L001,-7,Cycle,Base Substitution,31253479,233500.00,21.00,26.04,-5.04,Before
1_KB_A10_L001,8,Cycle,Base Substitution,31616426,137842.00,24.00,29.67,-5.67,Before
1_KB_A10_L001,-8,Cycle,Base Substitution,31125768,223658.00,21.00,26.31,-5.31,Before
1_KB_A10_L001,9,Cycle,Base Substitution,31480686,139543.00,24.00,29.60,-5.60,Before
1_KB_A10_L001,-9,Cycle,Base Substitution,30988097,213022.00,22.00,26.41,-4.41,Before
1_KB_A10_L001,10,Cycle,Base Substitution,31368357,133044.00,24.00,29.79,-5.79,Before
1_KB_A10_L001,-10,Cycle,Base Substitution,30844702,202188.00,22.00,26.50,-4.50,Before
1_KB_A10_L001,11,Cycle,Base Substitution,31221572,125613.00,24.00,29.59,-5.59,Before
1_KB_A10_L001,-11,Cycle,Base Substitution,30732494,182887.00,22.00,26.65,-4.65,Before
1_KB_A10_L001,12,Cycle,Base Substitution,31040591,128873.00,24.00,29.45,-5.45,Before
1_KB_A10_L001,-12,Cycle,Base Substitution,30598631,182756.00,22.00,26.55,-4.55,Before
1_KB_A10_L001,13,Cycle,Base Substitution,30893346,126928.00,24.00,29.47,-5.47,Before
1_KB_A10_L001,-13,Cycle,Base Substitution,30433270,180300.00,22.00,26.54,-4.54,Before
1_KB_A10_L001,14,Cycle,Base Substitution,30754015,123340.00,24.00,29.47,-5.47,Before
1_KB_A10_L001,-14,Cycle,Base Substitution,30308297,180821.00,22.00,26.51,-4.51,Before
1_KB_A10_L001,15,Cycle,Base Substitution,30582665,137155.00,23.00,29.42,-6.42,Before
1_KB_A10_L001,-15,Cycle,Base Substitution,30173558,175413.00,22.00,26.52,-4.52,Before
1_KB_A10_L001,16,Cycle,Base Substitution,30446834,121138.00,24.00,29.45,-5.45,Before
1_KB_A10_L001,-16,Cycle,Base Substitution,30012230,178883.00,22.00,26.53,-4.53,Before
1_KB_A10_L001,17,Cycle,Base Substitution,30286905,121319.00,24.00,29.42,-5.42,Before
1_KB_A10_L001,-17,Cycle,Base Substitution,29880936,174071.00,22.00,26.47,-4.47,Before
1_KB_A10_L001,18,Cycle,Base Substitution,30115511,124366.00,24.00,29.40,-5.40,Before
1_KB_A10_L001,-18,Cycle,Base Substitution,29735393,172009.00,22.00,26.55,-4.55,Before
1_KB_A10_L001,19,Cycle,Base Substitution,29964865,119521.00,24.00,29.35,-5.35,Before
1_KB_A10_L001,-19,Cycle,Base Substitution,29575539,173364.00,22.00,26.55,-4.55,Before
1_KB_A10_L001,20,Cycle,Base Substitution,29804621,120935.00,24.00,29.30,-5.30,Before
1_KB_A10_L001,-20,Cycle,Base Substitution,29441674,173414.00,22.00,26.52,-4.52,Before
1_KB_A10_L001,21,Cycle,Base Substitution,29647464,122175.00,24.00,29.03,-5.03,Before
1_KB_A10_L001,-21,Cycle,Base Substitution,29291414,172112.00,22.00,26.45,-4.45,Before
1_KB_A10_L001,22,Cycle,Base Substitution,29494328,122281.00,24.00,28.68,-4.68,Before
1_KB_A10_L001,-22,Cycle,Base Substitution,29119424,173602.00,22.00,26.47,-4.47,Before
1_KB_A10_L001,23,Cycle,Base Substitution,29337668,123680.00,24.00,28.52,-4.52,Before
1_KB_A10_L001,-23,Cycle,Base Substitution,28998850,172021.00,22.00,26.44,-4.44,Before
1_KB_A10_L001,24,Cycle,Base Substitution,29171363,125198.00,24.00,28.31,-4.31,Before
1_KB_A10_L001,-24,Cycle,Base Substitution,28854089,171383.00,22.00,26.42,-4.42,Before
1_KB_A10_L001,25,Cycle,Base Substitution,29020374,124909.00,24.00,28.18,-4.18,Before
1_KB_A10_L001,-25,Cycle,Base Substitution,28679706,172713.00,22.00,26.38,-4.38,Before
1_KB_A10_L001,26,Cycle,Base Substitution,28859660,130344.00,23.00,28.07,-5.07,Before
1_KB_A10_L001,-26,Cycle,Base Substitution,28551404,170715.00,22.00,26.38,-4.38,Before
1_KB_A10_L001,27,Cycle,Base Substitution,28681888,131185.00,23.00,27.96,-4.96,Before
1_KB_A10_L001,-27,Cycle,Base Substitution,28409044,170296.00,22.00,26.36,-4.36,Before
1_KB_A10_L001,28,Cycle,Base Substitution,28527351,131400.00,23.00,27.93,-4.93,Before
1_KB_A10_L001,-28,Cycle,Base Substitution,28241547,178723.00,22.00,26.30,-4.30,Before
1_KB_A10_L001,29,Cycle,Base Substitution,28370592,131727.00,23.00,27.84,-4.84,Before
1_KB_A10_L001,-29,Cycle,Base Substitution,28100478,174293.00,22.00,26.19,-4.19,Before
1_KB_A10_L001,30,Cycle,Base Substitution,28204682,130393.00,23.00,27.86,-4.86,Before
1_KB_A10_L001,-30,Cycle,Base Substitution,27945682,180436.00,22.00,26.24,-4.24,Before
1_KB_A10_L001,31,Cycle,Base Substitution,28047286,129446.00,23.00,27.85,-4.85,Before
1_KB_A10_L001,-31,Cycle,Base Substitution,27607495,183594.00,22.00,26.23,-4.23,Before
1_KB_A10_L001,32,Cycle,Base Substitution,27875674,128602.00,23.00,27.79,-4.79,Before
1_KB_A10_L001,-32,Cycle,Base Substitution,27655025,170404.00,22.00,26.23,-4.23,Before
1_KB_A10_L001,33,Cycle,Base Substitution,27715444,133761.00,23.00,27.63,-4.63,Before
1_KB_A10_L001,-33,Cycle,Base Substitution,27508585,171376.00,22.00,26.15,-4.15,Before
1_KB_A10_L001,34,Cycle,Base Substitution,27561626,131165.00,23.00,27.69,-4.69,Before
1_KB_A10_L001,-34,Cycle,Base Substitution,27343998,174132.00,22.00,26.22,-4.22,Before
1_KB_A10_L001,35,Cycle,Base Substitution,27399281,137038.00,23.00,27.66,-4.66,Before
1_KB_A10_L001,-35,Cycle,Base Substitution,27200575,170203.00,22.00,26.19,-4.19,Before
1_KB_A10_L001,36,Cycle,Base Substitution,27223666,132060.00,23.00,27.63,-4.63,Before
1_KB_A10_L001,-36,Cycle,Base Substitution,27059215,175521.00,22.00,26.15,-4.15,Before
1_KB_A10_L001,37,Cycle,Base Substitution,26997570,150662.00,23.00,27.45,-4.45,Before
1_KB_A10_L001,-37,Cycle,Base Substitution,26890073,173905.00,22.00,26.12,-4.12,Before
1_KB_A10_L001,38,Cycle,Base Substitution,26909598,127825.00,23.00,27.67,-4.67,Before
1_KB_A10_L001,-38,Cycle,Base Substitution,26717365,173459.00,22.00,26.07,-4.07,Before
1_KB_A10_L001,39,Cycle,Base Substitution,26738035,129988.00,23.00,27.60,-4.60,Before
1_KB_A10_L001,-39,Cycle,Base Substitution,26608646,169197.00,22.00,26.08,-4.08,Before
1_KB_A10_L001,40,Cycle,Base Substitution,26586180,128102.00,23.00,27.57,-4.57,Before
1_KB_A10_L001,-40,Cycle,Base Substitution,26440371,172531.00,22.00,26.08,-4.08,Before
1_KB_A10_L001,41,Cycle,Base Substitution,26418711,128653.00,23.00,27.55,-4.55,Before
1_KB_A10_L001,-41,Cycle,Base Substitution,26303182,172037.00,22.00,26.02,-4.02,Before
1_KB_A10_L001,42,Cycle,Base Substitution,26249510,134290.00,23.00,27.60,-4.60,Before
1_KB_A10_L001,-42,Cycle,Base Substitution,26155879,173188.00,22.00,26.05,-4.05,Before
1_KB_A10_L001,43,Cycle,Base Substitution,26093220,125317.00,23.00,27.59,-4.59,Before
1_KB_A10_L001,-43,Cycle,Base Substitution,25988910,170090.00,22.00,26.00,-4.00,Before
1_KB_A10_L001,44,Cycle,Base Substitution,25927929,125535.00,23.00,27.58,-4.58,Before
1_KB_A10_L001,-44,Cycle,Base Substitution,25844089,169187.00,22.00,25.98,-3.98,Before
1_KB_A10_L001,45,Cycle,Base Substitution,25758459,127419.00,23.00,27.45,-4.45,Before
1_KB_A10_L001,-45,Cycle,Base Substitution,25696038,169689.00,22.00,26.00,-4.00,Before
1_KB_A10_L001,46,Cycle,Base Substitution,25605863,124447.00,23.00,27.52,-4.52,Before
1_KB_A10_L001,-46,Cycle,Base Substitution,25524622,165718.00,22.00,26.08,-4.08,Before
1_KB_A10_L001,47,Cycle,Base Substitution,25443317,123930.00,23.00,27.49,-4.49,Before
1_KB_A10_L001,-47,Cycle,Base Substitution,25385808,163160.00,22.00,26.02,-4.02,Before
1_KB_A10_L001,48,Cycle,Base Substitution,25272551,126072.00,23.00,27.42,-4.42,Before
1_KB_A10_L001,-48,Cycle,Base Substitution,25233258,164121.00,22.00,26.00,-4.00,Before
1_KB_A10_L001,49,Cycle,Base Substitution,25110083,125322.00,23.00,27.37,-4.37,Before
1_KB_A10_L001,-49,Cycle,Base Substitution,25070573,165302.00,22.00,26.06,-4.06,Before
1_KB_A10_L001,50,Cycle,Base Substitution,24945085,125294.00,23.00,27.41,-4.41,Before
1_KB_A10_L001,-50,Cycle,Base Substitution,24913181,166314.00,22.00,26.01,-4.01,Before
1_KB_A10_L001,51,Cycle,Base Substitution,24776966,124938.00,23.00,27.41,-4.41,Before
1_KB_A10_L001,-51,Cycle,Base Substitution,24761786,180996.00,21.00,25.96,-4.96,Before
1_KB_A10_L001,52,Cycle,Base Substitution,24611083,123183.00,23.00,27.31,-4.31,Before
1_KB_A10_L001,-52,Cycle,Base Substitution,24595061,165622.00,22.00,25.95,-3.95,Before
1_KB_A10_L001,53,Cycle,Base Substitution,24443890,122078.00,23.00,27.32,-4.32,Before
1_KB_A10_L001,-53,Cycle,Base Substitution,24443049,183259.00,21.00,25.84,-4.84,Before
1_KB_A10_L001,54,Cycle,Base Substitution,24277283,125523.00,23.00,27.34,-4.34,Before
1_KB_A10_L001,-54,Cycle,Base Substitution,24294306,169548.00,22.00,25.82,-3.82,Before
1_KB_A10_L001,55,Cycle,Base Substitution,24114249,120617.00,23.00,27.33,-4.33,Before
1_KB_A10_L001,-55,Cycle,Base Substitution,24124647,190301.00,21.00,25.74,-4.74,Before
1_KB_A10_L001,56,Cycle,Base Substitution,23947821,122744.00,23.00,27.26,-4.26,Before
1_KB_A10_L001,-56,Cycle,Base Substitution,23971040,183901.00,21.00,25.81,-4.81,Before
1_KB_A10_L001,57,Cycle,Base Substitution,23778809,121364.00,23.00,27.32,-4.32,Before
1_KB_A10_L001,-57,Cycle,Base Substitution,23816659,158031.00,22.00,25.88,-3.88,Before
1_KB_A10_L001,58,Cycle,Base Substitution,23617351,120586.00,23.00,27.25,-4.25,Before
1_KB_A10_L001,-58,Cycle,Base Substitution,23651772,155890.00,22.00,25.91,-3.91,Before
1_KB_A10_L001,59,Cycle,Base Substitution,23451227,121042.00,23.00,27.27,-4.27,Before
1_KB_A10_L001,-59,Cycle,Base Substitution,23499954,156042.00,22.00,25.84,-3.84,Before
1_KB_A10_L001,60,Cycle,Base Substitution,23285099,122469.00,23.00,27.16,-4.16,Before
1_KB_A10_L001,-60,Cycle,Base Substitution,23341573,155013.00,22.00,25.86,-3.86,Before
1_KB_A10_L001,61,Cycle,Base Substitution,23113951,125479.00,23.00,27.23,-4.23,Before
1_KB_A10_L001,-61,Cycle,Base Substitution,23168562,156939.00,22.00,25.83,-3.83,Before
1_KB_A10_L001,62,Cycle,Base Substitution,22941110,122844.00,23.00,27.24,-4.24,Before
1_KB_A10_L001,-62,Cycle,Base Substitution,23009506,154683.00,22.00,25.78,-3.78,Before
1_KB_A10_L001,63,Cycle,Base Substitution,22766988,118363.00,23.00,27.24,-4.24,Before
1_KB_A10_L001,-63,Cycle,Base Substitution,22851628,156095.00,22.00,25.77,-3.77,Before
1_KB_A10_L001,64,Cycle,Base Substitution,22597242,117114.00,23.00,27.22,-4.22,Before
1_KB_A10_L001,-64,Cycle,Base Substitution,22682461,152441.00,22.00,25.79,-3.79,Before
1_KB_A10_L001,65,Cycle,Base Substitution,22429677,116145.00,23.00,27.18,-4.18,Before
1_KB_A10_L001,-65,Cycle,Base Substitution,22526197,154349.00,22.00,25.72,-3.72,Before
1_KB_A10_L001,66,Cycle,Base Substitution,22258060,117140.00,23.00,27.14,-4.14,Before
1_KB_A10_L001,-66,Cycle,Base Substitution,22364612,150574.00,22.00,25.76,-3.76,Before
1_KB_A10_L001,67,Cycle,Base Substitution,22085186,119200.00,23.00,27.03,-4.03,Before
1_KB_A10_L001,-67,Cycle,Base Substitution,22193847,149981.00,22.00,25.84,-3.84,Before
1_KB_A10_L001,68,Cycle,Base Substitution,21919594,114975.00,23.00,27.15,-4.15,Before
1_KB_A10_L001,-68,Cycle,Base Substitution,22036600,178964.00,21.00,25.76,-4.76,Before
1_KB_A10_L001,69,Cycle,Base Substitution,21749924,114353.00,23.00,27.13,-4.13,Before
1_KB_A10_L001,-69,Cycle,Base Substitution,21880951,144834.00,22.00,25.80,-3.80,Before
1_KB_A10_L001,70,Cycle,Base Substitution,21581457,112673.00,23.00,27.14,-4.14,Before
1_KB_A10_L001,-70,Cycle,Base Substitution,21710085,147170.00,22.00,25.81,-3.81,Before
1_KB_A10_L001,71,Cycle,Base Substitution,21413050,112939.00,23.00,27.10,-4.10,Before
1_KB_A10_L001,-71,Cycle,Base Substitution,21548610,142452.00,22.00,25.77,-3.77,Before
1_KB_A10_L001,72,Cycle,Base Substitution,21243656,112142.00,23.00,27.04,-4.04,Before
1_KB_A10_L001,-72,Cycle,Base Substitution,21388210,141384.00,22.00,25.73,-3.73,Before
1_KB_A10_L001,73,Cycle,Base Substitution,21074782,116772.00,23.00,27.02,-4.02,Before
1_KB_A10_L001,-73,Cycle,Base Substitution,21219130,139679.00,22.00,25.77,-3.77,Before
1_KB_A10_L001,74,Cycle,Base Substitution,20904052,111143.00,23.00,27.03,-4.03,Before
1_KB_A10_L001,-74,Cycle,Base Substitution,21057478,138432.00,22.00,25.76,-3.76,Before
1_KB_A10_L001,75,Cycle,Base Substitution,20731684,112137.00,23.00,26.91,-3.91,Before
1_KB_A10_L001,-75,Cycle,Base Substitution,20890448,140719.00,22.00,25.71,-3.71,Before
1_KB_A10_L001,76,Cycle,Base Substitution,20561464,109951.00,23.00,26.93,-3.93,Before
1_KB_A10_L001,-76,Cycle,Base Substitution,20721558,137186.00,22.00,25.67,-3.67,Before
1_KB_A10_L001,77,Cycle,Base Substitution,20392149,110558.00,23.00,26.87,-3.87,Before
1_KB_A10_L001,-77,Cycle,Base Substitution,20558705,137084.00,22.00,25.63,-3.63,Before
1_KB_A10_L001,78,Cycle,Base Substitution,20218904,114481.00,22.00,26.88,-4.88,Before
1_KB_A10_L001,-78,Cycle,Base Substitution,20392327,136000.00,22.00,25.68,-3.68,Before
1_KB_A10_L001,79,Cycle,Base Substitution,20045606,108488.00,23.00,26.96,-3.96,Before
1_KB_A10_L001,-79,Cycle,Base Substitution,20218206,134087.00,22.00,25.72,-3.72,Before
1_KB_A10_L001,80,Cycle,Base Substitution,19819940,149125.00,21.00,26.64,-5.64,Before
1_KB_A10_L001,-80,Cycle,Base Substitution,20052202,134868.00,22.00,25.59,-3.59,Before
1_KB_A10_L001,81,Cycle,Base Substitution,19704432,143731.00,21.00,26.68,-5.68,Before
1_KB_A10_L001,-81,Cycle,Base Substitution,19882728,136199.00,22.00,25.47,-3.47,Before
1_KB_A10_L001,82,Cycle,Base Substitution,19528609,107848.00,23.00,26.82,-3.82,Before
1_KB_A10_L001,-82,Cycle,Base Substitution,19708182,134069.00,22.00,25.56,-3.56,Before
1_KB_A10_L001,83,Cycle,Base Substitution,19356524,138913.00,21.00,26.63,-5.63,Before
1_KB_A10_L001,-83,Cycle,Base Substitution,19537435,129317.00,22.00,25.64,-3.64,Before
1_KB_A10_L001,84,Cycle,Base Substitution,19178365,138682.00,21.00,26.70,-5.70,Before
1_KB_A10_L001,-84,Cycle,Base Substitution,19363721,130566.00,22.00,25.66,-3.66,Before
1_KB_A10_L001,85,Cycle,Base Substitution,18998142,124978.00,22.00,26.74,-4.74,Before
1_KB_A10_L001,-85,Cycle,Base Substitution,19182551,132464.00,22.00,25.54,-3.54,Before
1_KB_A10_L001,86,Cycle,Base Substitution,18769033,125343.00,22.00,26.72,-4.72,Before
1_KB_A10_L001,-86,Cycle,Base Substitution,19008864,127885.00,22.00,25.47,-3.47,Before
1_KB_A10_L001,87,Cycle,Base Substitution,18644523,101833.00,23.00,26.82,-3.82,Before
1_KB_A10_L001,-87,Cycle,Base Substitution,18830262,126748.00,22.00,25.47,-3.47,Before
1_KB_A10_L001,88,Cycle,Base Substitution,18459927,100332.00,23.00,26.82,-3.82,Before
1_KB_A10_L001,-88,Cycle,Base Substitution,18644334,123317.00,22.00,25.56,-3.56,Before
1_KB_A10_L001,89,Cycle,Base Substitution,18280367,101547.00,23.00,26.75,-3.75,Before
1_KB_A10_L001,-89,Cycle,Base Substitution,18458161,120730.00,22.00,25.60,-3.60,Before
1_KB_A10_L001,90,Cycle,Base Substitution,18081954,99228.00,23.00,26.82,-3.82,Before
1_KB_A10_L001,-90,Cycle,Base Substitution,18261912,120103.00,22.00,25.67,-3.67,Before
1_KB_A10_L001,91,Cycle,Base Substitution,17892076,100206.00,23.00,26.84,-3.84,Before
1_KB_A10_L001,-91,Cycle,Base Substitution,18065758,116594.00,22.00,25.70,-3.70,Before
1_KB_A10_L001,92,Cycle,Base Substitution,17705849,99164.00,23.00,26.84,-3.84,Before
1_KB_A10_L001,-92,Cycle,Base Substitution,17866073,115579.00,22.00,25.66,-3.66,Before
1_KB_A10_L001,93,Cycle,Base Substitution,17523225,94990.00,23.00,26.84,-3.84,Before
1_KB_A10_L001,-93,Cycle,Base Substitution,17652638,117004.00,22.00,25.56,-3.56,Before
1_KB_A10_L001,94,Cycle,Base Substitution,17323275,94917.00,23.00,26.78,-3.78,Before
1_KB_A10_L001,-94,Cycle,Base Substitution,17430615,116780.00,22.00,25.45,-3.45,Before
1_KB_A10_L001,95,Cycle,Base Substitution,17122701,94209.00,23.00,26.76,-3.76,Before
1_KB_A10_L001,-95,Cycle,Base Substitution,17211131,110999.00,22.00,25.52,-3.52,Before
1_KB_A10_L001,96,Cycle,Base Substitution,16903294,94324.00,23.00,26.78,-3.78,Before
1_KB_A10_L001,-96,Cycle,Base Substitution,16981519,107462.00,22.00,25.60,-3.60,Before
1_KB_A10_L001,97,Cycle,Base Substitution,16686764,85351.00,23.00,26.78,-3.78,Before
1_KB_A10_L001,-97,Cycle,Base Substitution,16732040,98324.00,22.00,25.52,-3.52,Before
1_KB_A10_L001,98,Cycle,Base Substitution,16460051,77345.00,23.00,26.79,-3.79,Before
1_KB_A10_L001,-98,Cycle,Base Substitution,16449733,83755.00,23.00,25.61,-2.61,Before
1_KB_A10_L001,99,Cycle,Base Substitution,16079073,1.00,46.00,26.98,19.02,Before
1_KB_A10_L001,-99,Cycle,Base Substitution,15784198,1.00,45.00,25.97,19.03,Before
1_KB_A10_L001,100,Cycle,Base Substitution,15607595,0.00,46.00,26.97,19.03,Before
1_KB_A10_L001,-100,Cycle,Base Substitution,14146825,0.00,46.00,26.08,19.92,Before
1_KB_A10_L001,11,QualityScore,Base Substitution,109073530,8777948.00,11.00,11.00,0.00,Before
1_KB_A10_L001,25,QualityScore,Base Substitution,206929268,1304611.00,22.00,25.00,-3.00,Before
1_KB_A10_L001,37,QualityScore,Base Substitution,4617004470,17756021.00,24.00,37.00,-13.00,Before
1_KB_A10_L002,AA,Context,Base Substitution,379620097,1943725.00,23.00,27.47,-4.47,Before
1_KB_A10_L002,CA,Context,Base Substitution,381239219,1945817.00,23.00,28.56,-5.56,Before
1_KB_A10_L002,GA,Context,Base Substitution,321172996,1386270.00,24.00,29.03,-5.03,Before
1_KB_A10_L002,TA,Context,Base Substitution,223215674,2097572.00,20.00,28.00,-8.00,Before
1_KB_A10_L002,AC,Context,Base Substitution,276806377,1424519.00,23.00,29.07,-6.07,Before
1_KB_A10_L002,CC,Context,Base Substitution,257416334,1608690.00,22.00,28.90,-6.90,Before
1_KB_A10_L002,GC,Context,Base Substitution,270002737,1052657.00,24.00,29.20,-5.20,Before
1_KB_A10_L002,TC,Context,Base Substitution,324054842,1475562.00,23.00,29.02,-6.02,Before
1_KB_A10_L002,AG,Context,Base Substitution,330470411,1749871.00,23.00,26.72,-3.72,Before
1_KB_A10_L002,CG,Context,Base Substitution,158262631,1825429.00,19.00,27.45,-8.45,Before
1_KB_A10_L002,GG,Context,Base Substitution,259541468,1544856.00,22.00,27.47,-5.47,Before
1_KB_A10_L002,TG,Context,Base Substitution,383075491,1625128.00,24.00,27.62,-3.62,Before
1_KB_A10_L002,AT,Context,Base Substitution,311285448,1680302.00,23.00,25.83,-2.83,Before
1_KB_A10_L002,CT,Context,Base Substitution,339199183,1257548.00,24.00,26.56,-2.56,Before
1_KB_A10_L002,GT,Context,Base Substitution,285359913,1272121.00,24.00,25.94,-1.94,Before
1_KB_A10_L002,TT,Context,Base Substitution,389360008,2174908.00,23.00,26.56,-3.56,Before
1_KB_A10_L002,1,Cycle,Base Substitution,32526996,16818.00,33.00,29.98,3.02,Before
1_KB_A10_L002,-1,Cycle,Base Substitution,31983170,16297.00,33.00,26.03,6.97,Before
1_KB_A10_L002,2,Cycle,Base Substitution,32509891,21385.00,32.00,29.41,2.59,Before
1_KB_A10_L002,-2,Cycle,Base Substitution,31992170,33004.00,30.00,27.05,2.95,Before
1_KB_A10_L002,3,Cycle,Base Substitution,32462583,175326.00,23.00,29.60,-6.60,Before
1_KB_A10_L002,-3,Cycle,Base Substitution,31938838,372008.00,19.00,27.46,-8.46,Before
1_KB_A10_L002,4,Cycle,Base Substitution,32341665,157756.00,23.00,29.86,-6.86,Before
1_KB_A10_L002,-4,Cycle,Base Substitution,31780168,331743.00,20.00,27.29,-7.29,Before
1_KB_A10_L002,5,Cycle,Base Substitution,32217651,155892.00,23.00,29.96,-6.96,Before
1_KB_A10_L002,-5,Cycle,Base Substitution,31685586,322021.00,20.00,27.19,-7.19,Before
1_KB_A10_L002,6,Cycle,Base Substitution,32053053,147003.00,23.00,29.83,-6.83,Before
1_KB_A10_L002,-6,Cycle,Base Substitution,31560973,263807.00,21.00,27.20,-6.20,Before
1_KB_A10_L002,7,Cycle,Base Substitution,31901759,146938.00,23.00,29.24,-6.24,Before
1_KB_A10_L002,-7,Cycle,Base Substitution,31396078,212415.00,22.00,26.87,-4.87,Before
1_KB_A10_L002,8,Cycle,Base Substitution,31745255,138654.00,24.00,29.71,-5.71,Before
1_KB_A10_L002,-8,Cycle,Base Substitution,31267933,201373.00,22.00,27.11,-5.11,Before
1_KB_A10_L002,9,Cycle,Base Substitution,31607469,140713.00,24.00,29.67,-5.67,Before
1_KB_A10_L002,-9,Cycle,Base Substitution,31129255,190561.00,22.00,27.24,-5.24,Before
1_KB_A10_L002,10,Cycle,Base Substitution,31493635,133473.00,24.00,29.88,-5.88,Before
1_KB_A10_L002,-10,Cycle,Base Substitution,30984211,182016.00,22.00,27.31,-5.31,Before
1_KB_A10_L002,11,Cycle,Base Substitution,31346940,127168.00,24.00,29.64,-5.64,Before
1_KB_A10_L002,-11,Cycle,Base Substitution,30870220,169493.00,23.00,27.42,-4.42,Before
1_KB_A10_L002,12,Cycle,Base Substitution,31164437,131009.00,24.00,29.51,-5.51,Before
1_KB_A10_L002,-12,Cycle,Base Substitution,30731903,168329.00,23.00,27.30,-4.30,Before
1_KB_A10_L002,13,Cycle,Base Substitution,31015617,127792.00,24.00,29.56,-5.56,Before
1_KB_A10_L002,-13,Cycle,Base Substitution,30505220,199450.00,22.00,27.15,-5.15,Before
1_KB_A10_L002,14,Cycle,Base Substitution,30875907,126241.00,24.00,29.47,-5.47,Before
1_KB_A10_L002,-14,Cycle,Base Substitution,30446514,161797.00,23.00,27.30,-4.30,Before
1_KB_A10_L002,15,Cycle,Base Substitution,30705369,127188.00,24.00,29.51,-5.51,Before
1_KB_A10_L002,-15,Cycle,Base Substitution,30308986,163754.00,23.00,27.29,-4.29,Before
1_KB_A10_L002,16,Cycle,Base Substitution,30568173,122193.00,24.00,29.53,-5.53,Before
1_KB_A10_L002,-16,Cycle,Base Substitution,30147212,162959.00,23.00,27.29,-4.29,Before
1_KB_A10_L002,17,Cycle,Base Substitution,30407112,122165.00,24.00,29.52,-5.52,Before
1_KB_A10_L002,-17,Cycle,Base Substitution,30014750,157274.00,23.00,27.25,-4.25,Before
1_KB_A10_L002,18,Cycle,Base Substitution,30236303,125615.00,24.00,29.50,-5.50,Before
1_KB_A10_L002,-18,Cycle,Base Substitution,29869337,155097.00,23.00,27.32,-4.32,Before
1_KB_A10_L002,19,Cycle,Base Substitution,30084779,119987.00,24.00,29.57,-5.57,Before
1_KB_A10_L002,-19,Cycle,Base Substitution,29708664,156968.00,23.00,27.33,-4.33,Before
1_KB_A10_L002,20,Cycle,Base Substitution,29923938,121154.00,24.00,29.64,-5.64,Before
1_KB_A10_L002,-20,Cycle,Base Substitution,29574073,161830.00,23.00,27.25,-4.25,Before
1_KB_A10_L002,21,Cycle,Base Substitution,29764536,121301.00,24.00,29.61,-5.61,Before
1_KB_A10_L002,-21,Cycle,Base Substitution,29423032,154126.00,23.00,27.23,-4.23,Before
1_KB_A10_L002,22,Cycle,Base Substitution,29610095,119423.00,24.00,29.50,-5.50,Before
1_KB_A10_L002,-22,Cycle,Base Substitution,29251539,156531.00,23.00,27.26,-4.26,Before
1_KB_A10_L002,23,Cycle,Base Substitution,29453813,119185.00,24.00,29.46,-5.46,Before
1_KB_A10_L002,-23,Cycle,Base Substitution,29126456,154027.00,23.00,27.21,-4.21,Before
1_KB_A10_L002,24,Cycle,Base Substitution,29285942,119853.00,24.00,29.35,-5.35,Before
1_KB_A10_L002,-24,Cycle,Base Substitution,28981631,154588.00,23.00,27.16,-4.16,Before
1_KB_A10_L002,25,Cycle,Base Substitution,29135497,118707.00,24.00,29.28,-5.28,Before
1_KB_A10_L002,-25,Cycle,Base Substitution,28805492,154816.00,23.00,27.11,-4.11,Before
1_KB_A10_L002,26,Cycle,Base Substitution,28974592,123930.00,24.00,29.08,-5.08,Before
1_KB_A10_L002,-26,Cycle,Base Substitution,28676485,154052.00,23.00,27.11,-4.11,Before
1_KB_A10_L002,27,Cycle,Base Substitution,28796477,124635.00,24.00,29.01,-5.01,Before
1_KB_A10_L002,-27,Cycle,Base Substitution,28533699,153858.00,23.00,27.08,-4.08,Before
1_KB_A10_L002,28,Cycle,Base Substitution,28639756,122854.00,24.00,29.01,-5.01,Before
1_KB_A10_L002,-28,Cycle,Base Substitution,28365957,162979.00,22.00,27.02,-5.02,Before
1_KB_A10_L002,29,Cycle,Base Substitution,28484633,123450.00,24.00,28.93,-4.93,Before
1_KB_A10_L002,-29,Cycle,Base Substitution,28227911,158566.00,23.00,26.97,-3.97,Before
1_KB_A10_L002,30,Cycle,Base Substitution,28315804,124154.00,24.00,28.90,-4.90,Before
1_KB_A10_L002,-30,Cycle,Base Substitution,28084994,155156.00,23.00,26.99,-3.99,Before
1_KB_A10_L002,31,Cycle,Base Substitution,28161083,121727.00,24.00,28.89,-4.89,Before
1_KB_A10_L002,-31,Cycle,Base Substitution,27915263,156714.00,23.00,26.99,-3.99,Before
1_KB_A10_L002,32,Cycle,Base Substitution,27988905,120402.00,24.00,28.87,-4.87,Before
1_KB_A10_L002,-32,Cycle,Base Substitution,27773517,157714.00,22.00,26.93,-4.93,Before
1_KB_A10_L002,33,Cycle,Base Substitution,27824623,125255.00,23.00,28.72,-5.72,Before
1_KB_A10_L002,-33,Cycle,Base Substitution,27627246,153070.00,23.00,26.89,-3.89,Before
1_KB_A10_L002,34,Cycle,Base Substitution,27672863,120969.00,24.00,28.76,-4.76,Before
1_KB_A10_L002,-34,Cycle,Base Substitution,27461722,155624.00,22.00,26.94,-4.94,Before
1_KB_A10_L002,35,Cycle,Base Substitution,27512074,122086.00,24.00,28.78,-4.78,Before
1_KB_A10_L002,-35,Cycle,Base Substitution,27318957,152204.00,23.00,26.91,-3.91,Before
1_KB_A10_L002,36,Cycle,Base Substitution,27335638,123620.00,23.00,28.72,-5.72,Before
1_KB_A10_L002,-36,Cycle,Base Substitution,27176167,152599.00,23.00,26.91,-3.91,Before
1_KB_A10_L002,37,Cycle,Base Substitution,27174196,122278.00,23.00,28.67,-5.67,Before
1_KB_A10_L002,-37,Cycle,Base Substitution,27004264,161725.00,22.00,26.87,-4.87,Before
1_KB_A10_L002,38,Cycle,Base Substitution,27018276,142442.00,23.00,28.49,-5.49,Before
1_KB_A10_L002,-38,Cycle,Base Substitution,26820236,153030.00,22.00,26.84,-4.84,Before
1_KB_A10_L002,39,Cycle,Base Substitution,26845891,122280.00,23.00,28.62,-5.62,Before
1_KB_A10_L002,-39,Cycle,Base Substitution,26723634,151241.00,22.00,26.78,-4.78,Before
1_KB_A10_L002,40,Cycle,Base Substitution,26694540,120245.00,23.00,28.59,-5.59,Before
1_KB_A10_L002,-40,Cycle,Base Substitution,26554587,153925.00,22.00,26.84,-4.84,Before
1_KB_A10_L002,41,Cycle,Base Substitution,26526440,121495.00,23.00,28.54,-5.54,Before
1_KB_A10_L002,-41,Cycle,Base Substitution,26418127,153504.00,22.00,26.72,-4.72,Before
1_KB_A10_L002,42,Cycle,Base Substitution,26356844,122787.00,23.00,28.55,-5.55,Before
1_KB_A10_L002,-42,Cycle,Base Substitution,26268749,151787.00,22.00,26.75,-4.75,Before
1_KB_A10_L002,43,Cycle,Base Substitution,26199600,134679.00,23.00,28.48,-5.48,Before
1_KB_A10_L002,-43,Cycle,Base Substitution,26101602,157175.00,22.00,26.71,-4.71,Before
1_KB_A10_L002,44,Cycle,Base Substitution,26032979,145122.00,23.00,28.36,-5.36,Before
1_KB_A10_L002,-44,Cycle,Base Substitution,25956040,151545.00,22.00,26.69,-4.69,Before
1_KB_A10_L002,45,Cycle,Base Substitution,25863162,120284.00,23.00,28.42,-5.42,Before
1_KB_A10_L002,-45,Cycle,Base Substitution,25807250,150734.00,22.00,26.69,-4.69,Before
1_KB_A10_L002,46,Cycle,Base Substitution,25710766,124512.00,23.00,28.45,-5.45,Before
1_KB_A10_L002,-46,Cycle,Base Substitution,25636304,156267.00,22.00,26.71,-4.71,Before
1_KB_A10_L002,47,Cycle,Base Substitution,25549092,117789.00,23.00,28.42,-5.42,Before
1_KB_A10_L002,-47,Cycle,Base Substitution,25495517,153253.00,22.00,26.63,-4.63,Before
1_KB_A10_L002,48,Cycle,Base Substitution,25377522,119270.00,23.00,28.41,-5.41,Before
1_KB_A10_L002,-48,Cycle,Base Substitution,25344864,147985.00,22.00,26.65,-4.65,Before
1_KB_A10_L002,49,Cycle,Base Substitution,25213869,118594.00,23.00,28.36,-5.36,Before
1_KB_A10_L002,-49,Cycle,Base Substitution,25180362,148263.00,22.00,26.73,-4.73,Before
1_KB_A10_L002,50,Cycle,Base Substitution,25048409,133512.00,23.00,28.29,-5.29,Before
1_KB_A10_L002,-50,Cycle,Base Substitution,25022717,145392.00,22.00,26.68,-4.68,Before
1_KB_A10_L002,51,Cycle,Base Substitution,24878555,120049.00,23.00,28.31,-5.31,Before
1_KB_A10_L002,-51,Cycle,Base Substitution,24870728,148260.00,22.00,26.65,-4.65,Before
1_KB_A10_L002,52,Cycle,Base Substitution,24646911,224706.00,20.00,27.59,-7.59,Before
1_KB_A10_L002,-52,Cycle,Base Substitution,24701213,146338.00,22.00,26.64,-4.64,Before
1_KB_A10_L002,53,Cycle,Base Substitution,24545296,114951.00,23.00,28.25,-5.25,Before
1_KB_A10_L002,-53,Cycle,Base Substitution,24547105,145664.00,22.00,26.56,-4.56,Before
1_KB_A10_L002,54,Cycle,Base Substitution,24377853,116177.00,23.00,28.27,-5.27,Before
1_KB_A10_L002,-54,Cycle,Base Substitution,24393846,147970.00,22.00,26.52,-4.52,Before
1_KB_A10_L002,55,Cycle,Base Substitution,24216565,114162.00,23.00,28.26,-5.26,Before
1_KB_A10_L002,-55,Cycle,Base Substitution,24168704,163842.00,22.00,26.48,-4.48,Before
1_KB_A10_L002,56,Cycle,Base Substitution,24049278,121309.00,23.00,28.17,-5.17,Before
1_KB_A10_L002,-56,Cycle,Base Substitution,24019395,147349.00,22.00,26.51,-4.51,Before
1_KB_A10_L002,57,Cycle,Base Substitution,23879673,114779.00,23.00,28.18,-5.18,Before
1_KB_A10_L002,-57,Cycle,Base Substitution,23923050,149101.00,22.00,26.50,-4.50,Before
1_KB_A10_L002,58,Cycle,Base Substitution,23599581,113836.00,23.00,28.15,-5.15,Before
1_KB_A10_L002,-58,Cycle,Base Substitution,23756243,143252.00,22.00,26.55,-4.55,Before
1_KB_A10_L002,59,Cycle,Base Substitution,23550957,113498.00,23.00,28.15,-5.15,Before
1_KB_A10_L002,-59,Cycle,Base Substitution,23606529,141580.00,22.00,26.52,-4.52,Before
1_KB_A10_L002,60,Cycle,Base Substitution,23384804,114673.00,23.00,28.11,-5.11,Before
1_KB_A10_L002,-60,Cycle,Base Substitution,23447441,141481.00,22.00,26.45,-4.45,Before
1_KB_A10_L002,61,Cycle,Base Substitution,23214179,112744.00,23.00,28.13,-5.13,Before
1_KB_A10_L002,-61,Cycle,Base Substitution,23276894,144983.00,22.00,26.42,-4.42,Before
1_KB_A10_L002,62,Cycle,Base Substitution,23040500,112302.00,23.00,28.05,-5.05,Before
1_KB_A10_L002,-62,Cycle,Base Substitution,23118216,152997.00,22.00,26.39,-4.39,Before
1_KB_A10_L002,63,Cycle,Base Substitution,22866402,112337.00,23.00,28.05,-5.05,Before
1_KB_A10_L002,-63,Cycle,Base Substitution,22959040,139736.00,22.00,26.44,-4.44,Before
1_KB_A10_L002,64,Cycle,Base Substitution,22696684,111103.00,23.00,28.05,-5.05,Before
1_KB_A10_L002,-64,Cycle,Base Substitution,22787866,142215.00,22.00,26.44,-4.44,Before
1_KB_A10_L002,65,Cycle,Base Substitution,22527700,109982.00,23.00,27.99,-4.99,Before
1_KB_A10_L002,-65,Cycle,Base Substitution,22580599,179096.00,21.00,26.23,-5.23,Before
1_KB_A10_L002,66,Cycle,Base Substitution,22357660,110147.00,23.00,27.97,-4.97,Before
1_KB_A10_L002,-66,Cycle,Base Substitution,22474220,150481.00,22.00,26.45,-4.45,Before
1_KB_A10_L002,67,Cycle,Base Substitution,22183697,109616.00,23.00,27.92,-4.92,Before
1_KB_A10_L002,-67,Cycle,Base Substitution,22306084,133015.00,22.00,26.53,-4.53,Before
1_KB_A10_L002,68,Cycle,Base Substitution,22018386,108423.00,23.00,27.95,-4.95,Before
1_KB_A10_L002,-68,Cycle,Base Substitution,22148583,135433.00,22.00,26.51,-4.51,Before
1_KB_A10_L002,69,Cycle,Base Substitution,21847497,109549.00,23.00,27.88,-4.88,Before
1_KB_A10_L002,-69,Cycle,Base Substitution,21992523,130492.00,22.00,26.49,-4.49,Before
1_KB_A10_L002,70,Cycle,Base Substitution,21677717,107830.00,23.00,27.92,-4.92,Before
1_KB_A10_L002,-70,Cycle,Base Substitution,21823610,134468.00,22.00,26.44,-4.44,Before
1_KB_A10_L002,71,Cycle,Base Substitution,21510438,106633.00,23.00,27.95,-4.95,Before
1_KB_A10_L002,-71,Cycle,Base Substitution,21662510,129036.00,22.00,26.42,-4.42,Before
1_KB_A10_L002,72,Cycle,Base Substitution,21340797,106470.00,23.00,27.85,-4.85,Before
1_KB_A10_L002,-72,Cycle,Base Substitution,21502450,132129.00,22.00,26.38,-4.38,Before
1_KB_A10_L002,73,Cycle,Base Substitution,21173005,106044.00,23.00,27.84,-4.84,Before
1_KB_A10_L002,-73,Cycle,Base Substitution,21332918,126534.00,22.00,26.43,-4.43,Before
1_KB_A10_L002,74,Cycle,Base Substitution,21002333,107136.00,23.00,27.82,-4.82,Before
1_KB_A10_L002,-74,Cycle,Base Substitution,21172721,130043.00,22.00,26.40,-4.40,Before
1_KB_A10_L002,75,Cycle,Base Substitution,20828725,106153.00,23.00,27.70,-4.70,Before
1_KB_A10_L002,-75,Cycle,Base Substitution,21005120,129325.00,22.00,26.31,-4.31,Before
1_KB_A10_L002,76,Cycle,Base Substitution,20657885,103389.00,23.00,27.74,-4.74,Before
1_KB_A10_L002,-76,Cycle,Base Substitution,20835695,126061.00,22.00,26.24,-4.24,Before
1_KB_A10_L002,77,Cycle,Base Substitution,20487764,103911.00,23.00,27.70,-4.70,Before
1_KB_A10_L002,-77,Cycle,Base Substitution,20674532,129295.00,22.00,26.20,-4.20,Before
1_KB_A10_L002,78,Cycle,Base Substitution,20314890,106411.00,23.00,27.67,-4.67,Before
1_KB_A10_L002,-78,Cycle,Base Substitution,20507278,126628.00,22.00,26.25,-4.25,Before
1_KB_A10_L002,79,Cycle,Base Substitution,20142854,103717.00,23.00,27.72,-4.72,Before
1_KB_A10_L002,-79,Cycle,Base Substitution,20332842,122902.00,22.00,26.31,-4.31,Before
1_KB_A10_L002,80,Cycle,Base Substitution,19971874,166559.00,21.00,27.34,-6.34,Before
1_KB_A10_L002,-80,Cycle,Base Substitution,20165182,123581.00,22.00,26.19,-4.19,Before
1_KB_A10_L002,81,Cycle,Base Substitution,19747230,130981.00,22.00,27.47,-5.47,Before
1_KB_A10_L002,-81,Cycle,Base Substitution,19995629,123793.00,22.00,26.07,-4.07,Before
1_KB_A10_L002,82,Cycle,Base Substitution,19621828,101011.00,23.00,27.66,-4.66,Before
1_KB_A10_L002,-82,Cycle,Base Substitution,19822823,120924.00,22.00,26.17,-4.17,Before
1_KB_A10_L002,83,Cycle,Base Substitution,19393685,122747.00,22.00,27.43,-5.43,Before
1_KB_A10_L002,-83,Cycle,Base Substitution,19652407,117240.00,22.00,26.27,-4.27,Before
1_KB_A10_L002,84,Cycle,Base Substitution,19271268,99338.00,23.00,27.58,-4.58,Before
1_KB_A10_L002,-84,Cycle,Base Substitution,19477709,118441.00,22.00,26.25,-4.25,Before
1_KB_A10_L002,85,Cycle,Base Substitution,19090990,98573.00,23.00,27.57,-4.57,Before
1_KB_A10_L002,-85,Cycle,Base Substitution,19298919,117593.00,22.00,26.13,-4.13,Before
1_KB_A10_L002,86,Cycle,Base Substitution,18915492,110469.00,22.00,27.54,-5.54,Before
1_KB_A10_L002,-86,Cycle,Base Substitution,19125255,117742.00,22.00,26.04,-4.04,Before
1_KB_A10_L002,87,Cycle,Base Substitution,18735676,96856.00,23.00,27.51,-4.51,Before
1_KB_A10_L002,-87,Cycle,Base Substitution,18946224,120227.00,22.00,26.02,-4.02,Before
1_KB_A10_L002,88,Cycle,Base Substitution,18550951,96065.00,23.00,27.51,-4.51,Before
1_KB_A10_L002,-88,Cycle,Base Substitution,18759271,113230.00,22.00,26.14,-4.14,Before
1_KB_A10_L002,89,Cycle,Base Substitution,18369218,94624.00,23.00,27.47,-4.47,Before
1_KB_A10_L002,-89,Cycle,Base Substitution,18573648,110150.00,22.00,26.21,-4.21,Before
1_KB_A10_L002,90,Cycle,Base Substitution,18169988,93502.00,23.00,27.55,-4.55,Before
1_KB_A10_L002,-90,Cycle,Base Substitution,18378120,108291.00,22.00,26.27,-4.27,Before
1_KB_A10_L002,91,Cycle,Base Substitution,17980035,92994.00,23.00,27.58,-4.58,Before
1_KB_A10_L002,-91,Cycle,Base Substitution,18182624,106618.00,22.00,26.28,-4.28,Before
1_KB_A10_L002,92,Cycle,Base Substitution,17792440,126881.00,21.00,27.30,-6.30,Before
1_KB_A10_L002,-92,Cycle,Base Substitution,17983987,106697.00,22.00,26.21,-4.21,Before
1_KB_A10_L002,93,Cycle,Base Substitution,17608519,91125.00,23.00,27.53,-4.53,Before
1_KB_A10_L002,-93,Cycle,Base Substitution,17769642,108573.00,22.00,26.11,-4.11,Before
1_KB_A10_L002,94,Cycle,Base Substitution,17407561,134606.00,21.00,27.15,-6.15,Before
1_KB_A10_L002,-94,Cycle,Base Substitution,17547550,119807.00,22.00,25.96,-3.96,Before
1_KB_A10_L002,95,Cycle,Base Substitution,17207457,87923.00,23.00,27.46,-4.46,Before
1_KB_A10_L002,-95,Cycle,Base Substitution,17328511,102791.00,22.00,26.07,-4.07,Before
1_KB_A10_L002,96,Cycle,Base Substitution,16987451,85548.00,23.00,27.51,-4.51,Before
1_KB_A10_L002,-96,Cycle,Base Substitution,17098439,101918.00,22.00,26.20,-4.20,Before
1_KB_A10_L002,97,Cycle,Base Substitution,16769599,83781.00,23.00,27.50,-4.50,Before
1_KB_A10_L002,-97,Cycle,Base Substitution,16852465,90786.00,23.00,26.12,-3.12,Before
1_KB_A10_L002,98,Cycle,Base Substitution,16539209,82537.00,23.00,27.44,-4.44,Before
1_KB_A10_L002,-98,Cycle,Base Substitution,16572997,81931.00,23.00,26.17,-3.17,Before
1_KB_A10_L002,99,Cycle,Base Substitution,16152925,0.00,47.00,27.63,19.37,Before
1_KB_A10_L002,-99,Cycle,Base Substitution,15918744,2.00,46.00,26.45,19.55,Before
1_KB_A10_L002,100,Cycle,Base Substitution,15686466,0.00,47.00,27.68,19.32,Before
1_KB_A10_L002,-100,Cycle,Base Substitution,14289684,0.00,46.00,26.52,19.48,Before
1_KB_A10_L002,11,QualityScore,Base Substitution,90959636,6873888.00,11.00,11.00,0.00,Before
1_KB_A10_L002,25,QualityScore,Base Substitution,186980317,1170105.00,22.00,25.00,-3.00,Before
1_KB_A10_L002,37,QualityScore,Base Substitution,4677452311,18060161.00,24.00,37.00,-13.00,Before
1_KB_A10_L001,AA,Context,Base Substitution,378218849,2170023.00,22.00,22.12,-0.12,After
1_KB_A10_L001,CA,Context,Base Substitution,379732804,2154522.00,22.00,22.20,-0.20,After
1_KB_A10_L001,GA,Context,Base Substitution,319838200,1595329.00,23.00,22.91,0.09,After
1_KB_A10_L001,TA,Context,Base Substitution,219859990,1655610.00,21.00,21.55,-0.55,After
1_KB_A10_L001,AC,Context,Base Substitution,275790353,1483528.00,23.00,22.80,0.20,After
1_KB_A10_L001,CC,Context,Base Substitution,256322642,1645221.00,22.00,21.96,0.04,After
1_KB_A10_L001,GC,Context,Base Substitution,268688247,1076810.00,24.00,24.22,-0.22,After
1_KB_A10_L001,TC,Context,Base Substitution,322613391,1526431.00,23.00,23.14,-0.14,After
1_KB_A10_L001,AG,Context,Base Substitution,329037145,1770225.00,23.00,22.68,0.32,After
1_KB_A10_L001,CG,Context,Base Substitution,157591257,1843290.00,19.00,18.81,0.19,After
1_KB_A10_L001,GG,Context,Base Substitution,258215705,1574231.00,22.00,22.19,-0.19,After
1_KB_A10_L001,TG,Context,Base Substitution,381043444,1650151.00,24.00,23.56,0.44,After
1_KB_A10_L001,AT,Context,Base Substitution,310139260,1875509.00,22.00,22.26,-0.26,After
1_KB_A10_L001,CT,Context,Base Substitution,337568647,1333200.00,24.00,23.95,0.05,After
1_KB_A10_L001,GT,Context,Base Substitution,283821129,1409995.00,23.00,22.78,0.22,After
1_KB_A10_L001,TT,Context,Base Substitution,387175673,2322371.00,22.00,22.30,-0.30,After
1_KB_A10_L001,1,Cycle,Base Substitution,32397503,17854.00,33.00,27.99,5.01,After
1_KB_A10_L001,-1,Cycle,Base Substitution,31827172,17588.00,33.00,26.09,6.91,After
1_KB_A10_L001,2,Cycle,Base Substitution,32381940,22120.00,32.00,27.79,4.21,After
1_KB_A10_L001,-2,Cycle,Base Substitution,31837679,36015.00,29.00,24.65,4.35,After
1_KB_A10_L001,3,Cycle,Base Substitution,32332554,172714.00,23.00,22.96,0.04,After
1_KB_A10_L001,-3,Cycle,Base Substitution,31761278,377950.00,19.00,19.76,-0.76,After
1_KB_A10_L001,4,Cycle,Base Substitution,32213414,157437.00,23.00,22.98,0.02,After
1_KB_A10_L001,-4,Cycle,Base Substitution,31608350,346034.00,20.00,19.73,0.27,After
1_KB_A10_L001,5,Cycle,Base Substitution,32089948,154672.00,23.00,23.71,-0.71,After
1_KB_A10_L001,-5,Cycle,Base Substitution,31511827,332201.00,20.00,20.49,-0.49,After
1_KB_A10_L001,6,Cycle,Base Substitution,31925382,145828.00,23.00,23.74,-0.74,After
1_KB_A10_L001,-6,Cycle,Base Substitution,31389810,273089.00,21.00,21.17,-0.17,After
1_KB_A10_L001,7,Cycle,Base Substitution,31774336,161690.00,23.00,22.94,0.06,After
1_KB_A10_L001,-7,Cycle,Base Substitution,31240478,228928.00,21.00,21.72,-0.72,After
1_KB_A10_L001,8,Cycle,Base Substitution,31616209,137784.00,24.00,23.64,0.36,After
1_KB_A10_L001,-8,Cycle,Base Substitution,31090574,212318.00,22.00,21.71,0.29,After
1_KB_A10_L001,9,Cycle,Base Substitution,31480473,139483.00,24.00,23.60,0.40,After
1_KB_A10_L001,-9,Cycle,Base Substitution,30963911,205346.00,22.00,21.74,0.26,After
1_KB_A10_L001,10,Cycle,Base Substitution,31368148,132999.00,24.00,23.72,0.28,After
1_KB_A10_L001,-10,Cycle,Base Substitution,30836741,199539.00,22.00,22.23,-0.23,After
1_KB_A10_L001,11,Cycle,Base Substitution,31221391,125565.00,24.00,23.70,0.30,After
1_KB_A10_L001,-11,Cycle,Base Substitution,30724677,180214.00,22.00,22.38,-0.38,After
1_KB_A10_L001,12,Cycle,Base Substitution,31040414,128810.00,24.00,23.63,0.37,After
1_KB_A10_L001,-12,Cycle,Base Substitution,30590543,179842.00,22.00,22.36,-0.36,After
1_KB_A10_L001,13,Cycle,Base Substitution,30893147,126875.00,24.00,23.65,0.35,After
1_KB_A10_L001,-13,Cycle,Base Substitution,30425301,177516.00,22.00,22.33,-0.33,After
1_KB_A10_L001,14,Cycle,Base Substitution,30753809,123286.00,24.00,23.68,0.32,After
1_KB_A10_L001,-14,Cycle,Base Substitution,30300643,178010.00,22.00,22.33,-0.33,After
1_KB_A10_L001,15,Cycle,Base Substitution,30582494,137116.00,23.00,23.56,-0.56,After
1_KB_A10_L001,-15,Cycle,Base Substitution,30165183,172319.00,22.00,22.32,-0.32,After
1_KB_A10_L001,16,Cycle,Base Substitution,30446627,121076.00,24.00,24.27,-0.27,After
1_KB_A10_L001,-16,Cycle,Base Substitution,30003600,175798.00,22.00,22.31,-0.31,After
1_KB_A10_L001,17,Cycle,Base Substitution,30286696,121264.00,24.00,24.28,-0.28,After
1_KB_A10_L001,-17,Cycle,Base Substitution,29871736,170974.00,22.00,22.27,-0.27,After
1_KB_A10_L001,18,Cycle,Base Substitution,30115309,124303.00,24.00,23.65,0.35,After
1_KB_A10_L001,-18,Cycle,Base Substitution,29725190,168343.00,22.00,22.31,-0.31,After
1_KB_A10_L001,19,Cycle,Base Substitution,29964665,119484.00,24.00,24.26,-0.26,After
1_KB_A10_L001,-19,Cycle,Base Substitution,29563312,169097.00,22.00,22.29,-0.29,After
1_KB_A10_L001,20,Cycle,Base Substitution,29804430,120877.00,24.00,23.62,0.38,After
1_KB_A10_L001,-20,Cycle,Base Substitution,29412669,164808.00,23.00,22.19,0.81,After
1_KB_A10_L001,21,Cycle,Base Substitution,29647267,122120.00,24.00,23.58,0.42,After
1_KB_A10_L001,-21,Cycle,Base Substitution,29261571,163144.00,23.00,22.16,0.84,After
1_KB_A10_L001,22,Cycle,Base Substitution,29494110,122232.00,24.00,24.04,-0.04,After
1_KB_A10_L001,-22,Cycle,Base Substitution,29090147,165326.00,22.00,22.16,-0.16,After
1_KB_A10_L001,23,Cycle,Base Substitution,29337478,123634.00,24.00,23.41,0.59,After
1_KB_A10_L001,-23,Cycle,Base Substitution,28969210,163373.00,22.00,22.16,-0.16,After
1_KB_A10_L001,24,Cycle,Base Substitution,29171181,125135.00,24.00,23.36,0.64,After
1_KB_A10_L001,-24,Cycle,Base Substitution,28824025,162671.00,22.00,22.15,-0.15,After
1_KB_A10_L001,25,Cycle,Base Substitution,29020163,124853.00,24.00,23.89,0.11,After
1_KB_A10_L001,-25,Cycle,Base Substitution,28649258,164080.00,22.00,22.12,-0.12,After
1_KB_A10_L001,26,Cycle,Base Substitution,28859486,130282.00,23.00,23.16,-0.16,After
1_KB_A10_L001,-26,Cycle,Base Substitution,28521752,162216.00,22.00,22.13,-0.13,After
1_KB_A10_L001,27,Cycle,Base Substitution,28681689,131110.00,23.00,23.13,-0.13,After
1_KB_A10_L001,-27,Cycle,Base Substitution,28378722,161623.00,22.00,22.11,-0.11,After
1_KB_A10_L001,28,Cycle,Base Substitution,28527151,131346.00,23.00,23.12,-0.12,After
1_KB_A10_L001,-28,Cycle,Base Substitution,28211208,169818.00,22.00,22.05,-0.05,After
1_KB_A10_L001,29,Cycle,Base Substitution,28370396,131672.00,23.00,23.11,-0.11,After
1_KB_A10_L001,-29,Cycle,Base Substitution,28069286,165305.00,22.00,22.04,-0.04,After
1_KB_A10_L001,30,Cycle,Base Substitution,28204501,130355.00,23.00,23.10,-0.10,After
1_KB_A10_L001,-30,Cycle,Base Substitution,27914936,171426.00,22.00,22.04,-0.04,After
1_KB_A10_L001,31,Cycle,Base Substitution,28047083,129391.00,23.00,23.10,-0.10,After
1_KB_A10_L001,-31,Cycle,Base Substitution,27577396,174837.00,22.00,22.02,-0.02,After
1_KB_A10_L001,32,Cycle,Base Substitution,27875511,128553.00,23.00,23.08,-0.08,After
1_KB_A10_L001,-32,Cycle,Base Substitution,27624369,161763.00,22.00,22.06,-0.06,After
1_KB_A10_L001,33,Cycle,Base Substitution,27715221,133687.00,23.00,23.04,-0.04,After
1_KB_A10_L001,-33,Cycle,Base Substitution,27476647,162179.00,22.00,22.04,-0.04,After
1_KB_A10_L001,34,Cycle,Base Substitution,27561407,131094.00,23.00,23.06,-0.06,After
1_KB_A10_L001,-34,Cycle,Base Substitution,27313140,165007.00,22.00,22.05,-0.05,After
1_KB_A10_L001,35,Cycle,Base Substitution,27399084,136981.00,23.00,23.01,-0.01,After
1_KB_A10_L001,-35,Cycle,Base Substitution,27170377,161622.00,22.00,22.04,-0.04,After
1_KB_A10_L001,36,Cycle,Base Substitution,27223394,131970.00,23.00,23.03,-0.03,After
1_KB_A10_L001,-36,Cycle,Base Substitution,27029098,166546.00,22.00,21.99,0.01,After
1_KB_A10_L001,37,Cycle,Base Substitution,26997364,150605.00,23.00,22.70,0.30,After
1_KB_A10_L001,-37,Cycle,Base Substitution,26858882,165114.00,22.00,22.01,-0.01,After
1_KB_A10_L001,38,Cycle,Base Substitution,26909388,127765.00,23.00,23.05,-0.05,After
1_KB_A10_L001,-38,Cycle,Base Substitution,26686569,164729.00,22.00,21.98,0.02,After
1_KB_A10_L001,39,Cycle,Base Substitution,26737842,129933.00,23.00,23.03,-0.03,After
1_KB_A10_L001,-39,Cycle,Base Substitution,26577866,160345.00,22.00,21.99,0.01,After
1_KB_A10_L001,40,Cycle,Base Substitution,26585942,128027.00,23.00,23.01,-0.01,After
1_KB_A10_L001,-40,Cycle,Base Substitution,26409315,164106.00,22.00,21.99,0.01,After
1_KB_A10_L001,41,Cycle,Base Substitution,26418486,128602.00,23.00,23.01,-0.01,After
1_KB_A10_L001,-41,Cycle,Base Substitution,26272704,163350.00,22.00,21.96,0.04,After
1_KB_A10_L001,42,Cycle,Base Substitution,26249306,134242.00,23.00,22.99,0.01,After
1_KB_A10_L001,-42,Cycle,Base Substitution,26125182,164325.00,22.00,21.94,0.06,After
1_KB_A10_L001,43,Cycle,Base Substitution,26092994,125253.00,23.00,23.02,-0.02,After
1_KB_A10_L001,-43,Cycle,Base Substitution,25957308,160964.00,22.00,21.96,0.04,After
1_KB_A10_L001,44,Cycle,Base Substitution,25927689,125464.00,23.00,23.02,-0.02,After
1_KB_A10_L001,-44,Cycle,Base Substitution,25812659,160562.00,22.00,21.94,0.06,After
1_KB_A10_L001,45,Cycle,Base Substitution,25758247,127350.00,23.00,22.98,0.02,After
1_KB_A10_L001,-45,Cycle,Base Substitution,25664483,160901.00,22.00,21.92,0.08,After
1_KB_A10_L001,46,Cycle,Base Substitution,25605625,124377.00,23.00,23.00,0.00,After
1_KB_A10_L001,-46,Cycle,Base Substitution,25494015,157311.00,22.00,21.98,0.02,After
1_KB_A10_L001,47,Cycle,Base Substitution,25443120,123856.00,23.00,22.99,0.01,After
1_KB_A10_L001,-47,Cycle,Base Substitution,25355175,154829.00,22.00,21.96,0.04,After
1_KB_A10_L001,48,Cycle,Base Substitution,25272329,126019.00,23.00,22.97,0.03,After
1_KB_A10_L001,-48,Cycle,Base Substitution,25202575,155635.00,22.00,21.95,0.05,After
1_KB_A10_L001,49,Cycle,Base Substitution,25109842,125257.00,23.00,22.96,0.04,After
1_KB_A10_L001,-49,Cycle,Base Substitution,25040604,156688.00,22.00,21.94,0.06,After
1_KB_A10_L001,50,Cycle,Base Substitution,24944873,125229.00,23.00,22.97,0.03,After
1_KB_A10_L001,-50,Cycle,Base Substitution,24882732,157740.00,22.00,21.92,0.08,After
1_KB_A10_L001,51,Cycle,Base Substitution,24776748,124864.00,23.00,22.97,0.03,After
1_KB_A10_L001,-51,Cycle,Base Substitution,24730980,172296.00,22.00,21.89,0.11,After
1_KB_A10_L001,52,Cycle,Base Substitution,24610861,123118.00,23.00,22.94,0.06,After
1_KB_A10_L001,-52,Cycle,Base Substitution,24564646,157338.00,22.00,21.88,0.12,After
1_KB_A10_L001,53,Cycle,Base Substitution,24443673,122011.00,23.00,22.94,0.06,After
1_KB_A10_L001,-53,Cycle,Base Substitution,24412051,174839.00,21.00,21.77,-0.77,After
1_KB_A10_L001,54,Cycle,Base Substitution,24277064,125453.00,23.00,22.91,0.09,After
1_KB_A10_L001,-54,Cycle,Base Substitution,24262563,160621.00,22.00,21.77,0.23,After
1_KB_A10_L001,55,Cycle,Base Substitution,24114038,120553.00,23.00,22.94,0.06,After
1_KB_A10_L001,-55,Cycle,Base Substitution,24092623,181543.00,21.00,21.28,-0.28,After
1_KB_A10_L001,56,Cycle,Base Substitution,23947630,122690.00,23.00,22.92,0.08,After
1_KB_A10_L001,-56,Cycle,Base Substitution,23940431,175430.00,21.00,21.36,-0.36,After
1_KB_A10_L001,57,Cycle,Base Substitution,23778577,121300.00,23.00,22.94,0.06,After
1_KB_A10_L001,-57,Cycle,Base Substitution,23786513,149514.00,22.00,21.91,0.09,After
1_KB_A10_L001,58,Cycle,Base Substitution,23617136,120534.00,23.00,22.91,0.09,After
1_KB_A10_L001,-58,Cycle,Base Substitution,23621776,147725.00,22.00,21.91,0.09,After
1_KB_A10_L001,59,Cycle,Base Substitution,23451010,120973.00,23.00,22.91,0.09,After
1_KB_A10_L001,-59,Cycle,Base Substitution,23469814,148142.00,22.00,21.89,0.11,After
1_KB_A10_L001,60,Cycle,Base Substitution,23284868,122387.00,23.00,22.64,0.36,After
1_KB_A10_L001,-60,Cycle,Base Substitution,23311793,147093.00,22.00,21.90,0.10,After
1_KB_A10_L001,61,Cycle,Base Substitution,23113755,125420.00,23.00,22.64,0.36,After
1_KB_A10_L001,-61,Cycle,Base Substitution,23138292,148964.00,22.00,21.84,0.16,After
1_KB_A10_L001,62,Cycle,Base Substitution,22940927,122771.00,23.00,22.64,0.36,After
1_KB_A10_L001,-62,Cycle,Base Substitution,22979447,146653.00,22.00,21.86,0.14,After
1_KB_A10_L001,63,Cycle,Base Substitution,22766769,118289.00,23.00,22.91,0.09,After
1_KB_A10_L001,-63,Cycle,Base Substitution,22821000,147719.00,22.00,21.82,0.18,After
1_KB_A10_L001,64,Cycle,Base Substitution,22597018,117046.00,23.00,22.90,0.10,After
1_KB_A10_L001,-64,Cycle,Base Substitution,22652322,144396.00,22.00,21.86,0.14,After
1_KB_A10_L001,65,Cycle,Base Substitution,22429445,116076.00,23.00,22.89,0.11,After
1_KB_A10_L001,-65,Cycle,Base Substitution,22495835,146239.00,22.00,21.79,0.21,After
1_KB_A10_L001,66,Cycle,Base Substitution,22257827,117070.00,23.00,22.63,0.37,After
1_KB_A10_L001,-66,Cycle,Base Substitution,22334664,142708.00,22.00,21.83,0.17,After
1_KB_A10_L001,67,Cycle,Base Substitution,22084940,119122.00,23.00,22.55,0.45,After
1_KB_A10_L001,-67,Cycle,Base Substitution,22164851,142501.00,22.00,21.79,0.21,After
1_KB_A10_L001,68,Cycle,Base Substitution,21919334,114897.00,23.00,22.63,0.37,After
1_KB_A10_L001,-68,Cycle,Base Substitution,22007093,170654.00,21.00,21.26,-0.26,After
1_KB_A10_L001,69,Cycle,Base Substitution,21749662,114268.00,23.00,22.63,0.37,After
1_KB_A10_L001,-69,Cycle,Base Substitution,21852164,137095.00,22.00,21.88,0.12,After
1_KB_A10_L001,70,Cycle,Base Substitution,21581178,112600.00,23.00,22.87,0.13,After
1_KB_A10_L001,-70,Cycle,Base Substitution,21681568,139996.00,22.00,21.84,0.16,After
1_KB_A10_L001,71,Cycle,Base Substitution,21412788,112849.00,23.00,22.61,0.39,After
1_KB_A10_L001,-71,Cycle,Base Substitution,21520083,135272.00,22.00,21.86,0.14,After
1_KB_A10_L001,72,Cycle,Base Substitution,21243400,112057.00,23.00,22.59,0.41,After
1_KB_A10_L001,-72,Cycle,Base Substitution,21359517,134032.00,22.00,21.85,0.15,After
1_KB_A10_L001,73,Cycle,Base Substitution,21074481,116675.00,23.00,22.54,0.46,After
1_KB_A10_L001,-73,Cycle,Base Substitution,21190655,132331.00,22.00,21.86,0.14,After
1_KB_A10_L001,74,Cycle,Base Substitution,20903767,111068.00,23.00,22.58,0.42,After
1_KB_A10_L001,-74,Cycle,Base Substitution,21029127,131420.00,22.00,21.86,0.14,After
1_KB_A10_L001,75,Cycle,Base Substitution,20731393,112022.00,23.00,22.54,0.46,After
1_KB_A10_L001,-75,Cycle,Base Substitution,20862054,133568.00,22.00,21.84,0.16,After
1_KB_A10_L001,76,Cycle,Base Substitution,20561138,109855.00,23.00,22.54,0.46,After
1_KB_A10_L001,-76,Cycle,Base Substitution,20692316,130071.00,22.00,21.82,0.18,After
1_KB_A10_L001,77,Cycle,Base Substitution,20391817,110444.00,23.00,22.52,0.48,After
1_KB_A10_L001,-77,Cycle,Base Substitution,20529804,129955.00,22.00,21.80,0.20,After
1_KB_A10_L001,78,Cycle,Base Substitution,20218369,114332.00,22.00,22.48,-0.48,After
1_KB_A10_L001,-78,Cycle,Base Substitution,20364176,128997.00,22.00,21.82,0.18,After
1_KB_A10_L001,79,Cycle,Base Substitution,20044857,108254.00,23.00,22.54,0.46,After
1_KB_A10_L001,-79,Cycle,Base Substitution,20190458,127278.00,22.00,21.84,0.16,After
1_KB_A10_L001,80,Cycle,Base Substitution,19803027,144509.00,21.00,21.21,-0.21,After
1_KB_A10_L001,-80,Cycle,Base Substitution,20023530,127875.00,22.00,21.78,0.22,After
1_KB_A10_L001,81,Cycle,Base Substitution,19685261,137532.00,22.00,21.51,0.49,After
1_KB_A10_L001,-81,Cycle,Base Substitution,19853886,129224.00,22.00,21.73,0.27,After
1_KB_A10_L001,82,Cycle,Base Substitution,19528080,107695.00,23.00,22.51,0.49,After
1_KB_A10_L001,-82,Cycle,Base Substitution,19680120,127300.00,22.00,21.77,0.23,After
1_KB_A10_L001,83,Cycle,Base Substitution,19339688,134868.00,22.00,22.05,-0.05,After
1_KB_A10_L001,-83,Cycle,Base Substitution,19510309,122587.00,22.00,21.82,0.18,After
1_KB_A10_L001,84,Cycle,Base Substitution,19162307,134578.00,22.00,21.53,0.47,After
1_KB_A10_L001,-84,Cycle,Base Substitution,19336597,124012.00,22.00,21.82,0.18,After
1_KB_A10_L001,85,Cycle,Base Substitution,18998142,124978.00,22.00,21.80,0.20,After
1_KB_A10_L001,-85,Cycle,Base Substitution,19154420,125791.00,22.00,21.76,0.24,After
1_KB_A10_L001,86,Cycle,Base Substitution,18769033,125343.00,22.00,21.74,0.26,After
1_KB_A10_L001,-86,Cycle,Base Substitution,18980690,121242.00,22.00,21.74,0.26,After
1_KB_A10_L001,87,Cycle,Base Substitution,18644523,101833.00,23.00,22.53,0.47,After
1_KB_A10_L001,-87,Cycle,Base Substitution,18802598,120356.00,22.00,21.74,0.26,After
1_KB_A10_L001,88,Cycle,Base Substitution,18459927,100332.00,23.00,22.53,0.47,After
1_KB_A10_L001,-88,Cycle,Base Substitution,18617289,117095.00,22.00,21.78,0.22,After
1_KB_A10_L001,89,Cycle,Base Substitution,18280367,101547.00,23.00,22.46,0.54,After
1_KB_A10_L001,-89,Cycle,Base Substitution,18432003,114776.00,22.00,21.80,0.20,After
1_KB_A10_L001,90,Cycle,Base Substitution,18081954,99228.00,23.00,22.49,0.51,After
1_KB_A10_L001,-90,Cycle,Base Substitution,18236604,114365.00,22.00,21.84,0.16,After
1_KB_A10_L001,91,Cycle,Base Substitution,17892076,100206.00,23.00,22.50,0.50,After
1_KB_A10_L001,-91,Cycle,Base Substitution,18040934,110934.00,22.00,21.86,0.14,After
1_KB_A10_L001,92,Cycle,Base Substitution,17705849,99164.00,23.00,22.50,0.50,After
1_KB_A10_L001,-92,Cycle,Base Substitution,17841431,110111.00,22.00,21.84,0.16,After
1_KB_A10_L001,93,Cycle,Base Substitution,17523225,94990.00,23.00,22.84,0.16,After
1_KB_A10_L001,-93,Cycle,Base Substitution,17627560,111515.00,22.00,21.80,0.20,After
1_KB_A10_L001,94,Cycle,Base Substitution,17323275,94917.00,23.00,22.82,0.18,After
1_KB_A10_L001,-94,Cycle,Base Substitution,17408288,111933.00,22.00,21.77,0.23,After
1_KB_A10_L001,95,Cycle,Base Substitution,17122701,94209.00,23.00,22.77,0.23,After
1_KB_A10_L001,-95,Cycle,Base Substitution,17211131,110999.00,22.00,21.94,0.06,After
1_KB_A10_L001,96,Cycle,Base Substitution,16903294,94324.00,23.00,22.78,0.22,After
1_KB_A10_L001,-96,Cycle,Base Substitution,16981519,107462.00,22.00,22.04,-0.04,After
1_KB_A10_L001,97,Cycle,Base Substitution,16686764,85351.00,23.00,22.86,0.14,After
1_KB_A10_L001,-97,Cycle,Base Substitution,16732040,98324.00,22.00,22.65,-0.65,After
1_KB_A10_L001,98,Cycle,Base Substitution,16460051,77345.00,23.00,23.58,-0.58,After
1_KB_A10_L001,-98,Cycle,Base Substitution,16449733,83755.00,23.00,23.47,-0.47,After
1_KB_A10_L001,99,Cycle,Base Substitution,16079073,1.00,50.00,40.91,9.09,After
1_KB_A10_L001,-99,Cycle,Base Substitution,15784198,1.00,50.00,40.57,9.43,After
1_KB_A10_L001,100,Cycle,Base Substitution,15607595,0.00,50.00,40.91,9.09,After
1_KB_A10_L001,-100,Cycle,Base Substitution,14146825,0.00,50.00,40.45,9.55,After
1_KB_A10_L001,6,QualityScore,Base Substitution,903919,210663.00,6.00,6.00,0.00,After
1_KB_A10_L001,7,QualityScore,Base Substitution,6738466,1226142.00,7.00,7.00,0.00,After
1_KB_A10_L001,8,QualityScore,Base Substitution,8534689,1190558.00,9.00,8.00,1.00,After
1_KB_A10_L001,9,QualityScore,Base Substitution,4607162,570149.00,9.00,9.00,0.00,After
1_KB_A10_L001,10,QualityScore,Base Substitution,15258484,1405786.00,10.00,10.00,0.00,After
1_KB_A10_L001,11,QualityScore,Base Substitution,16750647,1144915.00,12.00,11.00,1.00,After
1_KB_A10_L001,12,QualityScore,Base Substitution,20738806,1241218.00,12.00,12.00,0.00,After
1_KB_A10_L001,13,QualityScore,Base Substitution,10559991,509635.00,13.00,13.00,0.00,After
1_KB_A10_L001,14,QualityScore,Base Substitution,11437417,401703.00,15.00,14.00,1.00,After
1_KB_A10_L001,15,QualityScore,Base Substitution,4111638,105685.00,16.00,15.00,1.00,After
1_KB_A10_L001,16,QualityScore,Base Substitution,5814554,147597.00,16.00,16.00,0.00,After
1_KB_A10_L001,17,QualityScore,Base Substitution,2458010,48194.00,17.00,17.00,0.00,After
1_KB_A10_L001,18,QualityScore,Base Substitution,6295497,93920.00,18.00,18.00,0.00,After
1_KB_A10_L001,19,QualityScore,Base Substitution,26078684,295924.00,19.00,19.00,0.00,After
1_KB_A10_L001,20,QualityScore,Base Substitution,149896759,1318734.00,21.00,20.00,1.00,After
1_KB_A10_L001,21,QualityScore,Base Substitution,56361246,432032.00,21.00,21.00,0.00,After
1_KB_A10_L001,22,QualityScore,Base Substitution,107696914,692336.00,22.00,22.00,0.00,After
1_KB_A10_L001,23,QualityScore,Base Substitution,561543725,3014736.00,23.00,23.00,0.00,After
1_KB_A10_L001,24,QualityScore,Base Substitution,1447573409,5812153.00,24.00,24.00,0.00,After
1_KB_A10_L001,25,QualityScore,Base Substitution,1927770072,6323674.00,25.00,25.00,0.00,After
1_KB_A10_L001,26,QualityScore,Base Substitution,343987884,914966.00,26.00,26.00,0.00,After
1_KB_A10_L001,27,QualityScore,Base Substitution,13141753,26356.00,27.00,27.00,0.00,After
1_KB_A10_L001,28,QualityScore,Base Substitution,2297579,0.00,40.00,28.00,12.00,After
1_KB_A10_L001,29,QualityScore,Base Substitution,2536057,2.00,41.00,29.00,12.00,After
1_KB_A10_L001,30,QualityScore,Base Substitution,943723,0.00,38.00,30.00,8.00,After
1_KB_A10_L001,31,QualityScore,Base Substitution,3235893,1.00,42.00,31.00,11.00,After
1_KB_A10_L001,32,QualityScore,Base Substitution,8765765,1.00,46.00,32.00,14.00,After
1_KB_A10_L001,33,QualityScore,Base Substitution,17242344,4.00,48.00,33.00,15.00,After
1_KB_A10_L001,34,QualityScore,Base Substitution,37938448,2.00,51.00,34.00,17.00,After
1_KB_A10_L001,35,QualityScore,Base Substitution,22452510,1.00,49.00,35.00,14.00,After
1_KB_A10_L001,36,QualityScore,Base Substitution,1283080,0.00,41.00,36.00,5.00,After
1_KB_A10_L001,37,QualityScore,Base Substitution,773146,0.00,41.00,37.00,4.00,After
1_KB_A10_L001,38,QualityScore,Base Substitution,199326,0.00,39.00,38.00,1.00,After
1_KB_A10_L001,39,QualityScore,Base Substitution,2687977,0.00,44.00,39.00,5.00,After
1_KB_A10_L001,42,QualityScore,Base Substitution,8436677,1.00,49.00,42.00,7.00,After
1_KB_A10_L001,43,QualityScore,Base Substitution,27469041,1.00,52.00,43.00,9.00,After
1_KB_A10_L001,44,QualityScore,Base Substitution,40207541,1.00,54.00,44.00,10.00,After
1_KB_A10_L001,45,QualityScore,Base Substitution,5711113,0.00,49.00,45.00,4.00,After
1_KB_A10_L002,AA,Context,Base Substitution,379620097,1943725.00,23.00,23.01,-0.01,After
1_KB_A10_L002,CA,Context,Base Substitution,381239219,1945817.00,23.00,23.11,-0.11,After
1_KB_A10_L002,GA,Context,Base Substitution,321148704,1378951.00,24.00,23.55,0.45,After
1_KB_A10_L002,TA,Context,Base Substitution,222678564,1953389.00,21.00,20.77,0.23,After
1_KB_A10_L002,AC,Context,Base Substitution,276806377,1424519.00,23.00,23.09,-0.09,After
1_KB_A10_L002,CC,Context,Base Substitution,257416334,1608690.00,22.00,22.22,-0.22,After
1_KB_A10_L002,GC,Context,Base Substitution,270002737,1052657.00,24.00,24.53,-0.53,After
1_KB_A10_L002,TC,Context,Base Substitution,324054842,1475562.00,23.00,23.34,-0.34,After
1_KB_A10_L002,AG,Context,Base Substitution,330470411,1749871.00,23.00,22.96,0.04,After
1_KB_A10_L002,CG,Context,Base Substitution,158262631,1825429.00,19.00,19.10,-0.10,After
1_KB_A10_L002,GG,Context,Base Substitution,259541468,1544856.00,22.00,22.62,-0.62,After
1_KB_A10_L002,TG,Context,Base Substitution,383075491,1625128.00,24.00,23.89,0.11,After
1_KB_A10_L002,AT,Context,Base Substitution,311285448,1680302.00,23.00,23.14,-0.14,After
1_KB_A10_L002,CT,Context,Base Substitution,339199183,1257548.00,24.00,24.36,-0.36,After
1_KB_A10_L002,GT,Context,Base Substitution,285359913,1272121.00,24.00,23.56,0.44,After
1_KB_A10_L002,TT,Context,Base Substitution,389360008,2174908.00,23.00,22.91,0.09,After
1_KB_A10_L002,1,Cycle,Base Substitution,32526716,16754.00,33.00,28.28,4.72,After
1_KB_A10_L002,-1,Cycle,Base Substitution,31982457,16118.00,33.00,26.67,6.33,After
1_KB_A10_L002,2,Cycle,Base Substitution,32509628,21306.00,32.00,28.08,3.92,After
1_KB_A10_L002,-2,Cycle,Base Substitution,31991755,32892.00,30.00,25.32,4.68,After
1_KB_A10_L002,3,Cycle,Base Substitution,32461913,175169.00,23.00,22.98,0.02,After
1_KB_A10_L002,-3,Cycle,Base Substitution,31937525,371428.00,19.00,20.12,-1.12,After
1_KB_A10_L002,4,Cycle,Base Substitution,32341218,157605.00,23.00,23.05,-0.05,After
1_KB_A10_L002,-4,Cycle,Base Substitution,31778825,331373.00,20.00,20.75,-0.75,After
1_KB_A10_L002,5,Cycle,Base Substitution,32217256,155747.00,23.00,23.78,-0.78,After
1_KB_A10_L002,-5,Cycle,Base Substitution,31683967,321673.00,20.00,20.93,-0.93,After
1_KB_A10_L002,6,Cycle,Base Substitution,32052663,146849.00,23.00,23.83,-0.83,After
1_KB_A10_L002,-6,Cycle,Base Substitution,31559592,263476.00,21.00,21.62,-0.62,After
1_KB_A10_L002,7,Cycle,Base Substitution,31901358,146806.00,23.00,23.69,-0.69,After
1_KB_A10_L002,-7,Cycle,Base Substitution,31394779,212100.00,22.00,22.20,-0.20,After
1_KB_A10_L002,8,Cycle,Base Substitution,31744898,138542.00,24.00,23.71,0.29,After
1_KB_A10_L002,-8,Cycle,Base Substitution,31266564,201021.00,22.00,22.19,-0.19,After
1_KB_A10_L002,9,Cycle,Base Substitution,31607079,140559.00,24.00,23.68,0.32,After
1_KB_A10_L002,-9,Cycle,Base Substitution,31127932,190137.00,22.00,22.29,-0.29,After
1_KB_A10_L002,10,Cycle,Base Substitution,31493240,133342.00,24.00,23.80,0.20,After
1_KB_A10_L002,-10,Cycle,Base Substitution,30982856,181594.00,22.00,22.75,-0.75,After
1_KB_A10_L002,11,Cycle,Base Substitution,31346531,127021.00,24.00,23.78,0.22,After
1_KB_A10_L002,-11,Cycle,Base Substitution,30868283,168809.00,23.00,22.83,0.17,After
1_KB_A10_L002,12,Cycle,Base Substitution,31164066,130861.00,24.00,23.70,0.30,After
1_KB_A10_L002,-12,Cycle,Base Substitution,30728609,167103.00,23.00,22.79,0.21,After
1_KB_A10_L002,13,Cycle,Base Substitution,31015224,127659.00,24.00,23.73,0.27,After
1_KB_A10_L002,-13,Cycle,Base Substitution,30487331,193304.00,22.00,22.53,-0.53,After
1_KB_A10_L002,14,Cycle,Base Substitution,30875529,126109.00,24.00,23.75,0.25,After
1_KB_A10_L002,-14,Cycle,Base Substitution,30445496,161497.00,23.00,22.81,0.19,After
1_KB_A10_L002,15,Cycle,Base Substitution,30704949,127021.00,24.00,23.73,0.27,After
1_KB_A10_L002,-15,Cycle,Base Substitution,30307956,163409.00,23.00,22.79,0.21,After
1_KB_A10_L002,16,Cycle,Base Substitution,30567782,122069.00,24.00,24.35,-0.35,After
1_KB_A10_L002,-16,Cycle,Base Substitution,30146117,162622.00,23.00,22.77,0.23,After
1_KB_A10_L002,17,Cycle,Base Substitution,30406738,122037.00,24.00,23.73,0.27,After
1_KB_A10_L002,-17,Cycle,Base Substitution,30013599,156969.00,23.00,22.75,0.25,After
1_KB_A10_L002,18,Cycle,Base Substitution,30235931,125482.00,24.00,23.72,0.28,After
1_KB_A10_L002,-18,Cycle,Base Substitution,29868125,154726.00,23.00,22.78,0.22,After
1_KB_A10_L002,19,Cycle,Base Substitution,30084363,119854.00,24.00,23.73,0.27,After
1_KB_A10_L002,-19,Cycle,Base Substitution,29707516,156591.00,23.00,22.78,0.22,After
1_KB_A10_L002,20,Cycle,Base Substitution,29923569,121016.00,24.00,23.74,0.26,After
1_KB_A10_L002,-20,Cycle,Base Substitution,29572788,161450.00,23.00,22.76,0.24,After
1_KB_A10_L002,21,Cycle,Base Substitution,29764156,121164.00,24.00,23.73,0.27,After
1_KB_A10_L002,-21,Cycle,Base Substitution,29421769,153743.00,23.00,22.75,0.25,After
1_KB_A10_L002,22,Cycle,Base Substitution,29609667,119313.00,24.00,23.72,0.28,After
1_KB_A10_L002,-22,Cycle,Base Substitution,29250323,156144.00,23.00,22.75,0.25,After
1_KB_A10_L002,23,Cycle,Base Substitution,29453431,119044.00,24.00,23.72,0.28,After
1_KB_A10_L002,-23,Cycle,Base Substitution,29125266,153624.00,23.00,22.75,0.25,After
1_KB_A10_L002,24,Cycle,Base Substitution,29285555,119698.00,24.00,23.70,0.30,After
1_KB_A10_L002,-24,Cycle,Base Substitution,28980322,154136.00,23.00,22.72,0.28,After
1_KB_A10_L002,25,Cycle,Base Substitution,29135108,118554.00,24.00,23.61,0.39,After
1_KB_A10_L002,-25,Cycle,Base Substitution,28804175,154373.00,23.00,22.69,0.31,After
1_KB_A10_L002,26,Cycle,Base Substitution,28974227,123796.00,24.00,23.59,0.41,After
1_KB_A10_L002,-26,Cycle,Base Substitution,28675148,153607.00,23.00,22.71,0.29,After
1_KB_A10_L002,27,Cycle,Base Substitution,28796123,124489.00,24.00,23.57,0.43,After
1_KB_A10_L002,-27,Cycle,Base Substitution,28532326,153340.00,23.00,22.69,0.31,After
1_KB_A10_L002,28,Cycle,Base Substitution,28639356,122723.00,24.00,23.56,0.44,After
1_KB_A10_L002,-28,Cycle,Base Substitution,28364531,162531.00,22.00,22.66,-0.66,After
1_KB_A10_L002,29,Cycle,Base Substitution,28484258,123314.00,24.00,23.46,0.54,After
1_KB_A10_L002,-29,Cycle,Base Substitution,28226497,158089.00,23.00,22.66,0.34,After
1_KB_A10_L002,30,Cycle,Base Substitution,28315349,123978.00,24.00,23.45,0.55,After
1_KB_A10_L002,-30,Cycle,Base Substitution,28083463,154629.00,23.00,22.67,0.33,After
1_KB_A10_L002,31,Cycle,Base Substitution,28160649,121581.00,24.00,23.44,0.56,After
1_KB_A10_L002,-31,Cycle,Base Substitution,27913787,156206.00,23.00,22.66,0.34,After
1_KB_A10_L002,32,Cycle,Base Substitution,27988542,120269.00,24.00,23.44,0.56,After
1_KB_A10_L002,-32,Cycle,Base Substitution,27772005,157188.00,22.00,22.64,-0.64,After
1_KB_A10_L002,33,Cycle,Base Substitution,27824257,125103.00,23.00,23.41,-0.41,After
1_KB_A10_L002,-33,Cycle,Base Substitution,27625675,152522.00,23.00,22.63,0.37,After
1_KB_A10_L002,34,Cycle,Base Substitution,27672470,120826.00,24.00,23.42,0.58,After
1_KB_A10_L002,-34,Cycle,Base Substitution,27460173,155050.00,22.00,22.64,-0.64,After
1_KB_A10_L002,35,Cycle,Base Substitution,27511694,121952.00,24.00,23.42,0.58,After
1_KB_A10_L002,-35,Cycle,Base Substitution,27317485,151645.00,23.00,22.64,0.36,After
1_KB_A10_L002,36,Cycle,Base Substitution,27335221,123478.00,23.00,23.40,-0.40,After
1_KB_A10_L002,-36,Cycle,Base Substitution,27174646,152002.00,23.00,22.63,0.37,After
1_KB_A10_L002,37,Cycle,Base Substitution,27173813,122132.00,23.00,23.39,-0.39,After
1_KB_A10_L002,-37,Cycle,Base Substitution,27002521,161145.00,22.00,22.61,-0.61,After
1_KB_A10_L002,38,Cycle,Base Substitution,27017883,142305.00,23.00,23.08,-0.08,After
1_KB_A10_L002,-38,Cycle,Base Substitution,26818624,152442.00,22.00,22.60,-0.60,After
1_KB_A10_L002,39,Cycle,Base Substitution,26845467,122120.00,23.00,23.38,-0.38,After
1_KB_A10_L002,-39,Cycle,Base Substitution,26721811,150537.00,23.00,22.58,0.42,After
1_KB_A10_L002,40,Cycle,Base Substitution,26694091,120094.00,23.00,23.37,-0.37,After
1_KB_A10_L002,-40,Cycle,Base Substitution,26552660,153207.00,22.00,22.59,-0.59,After
1_KB_A10_L002,41,Cycle,Base Substitution,26525986,121329.00,23.00,23.37,-0.37,After
1_KB_A10_L002,-41,Cycle,Base Substitution,26415575,152649.00,22.00,22.56,-0.56,After
1_KB_A10_L002,42,Cycle,Base Substitution,26356415,122615.00,23.00,23.36,-0.36,After
1_KB_A10_L002,-42,Cycle,Base Substitution,26264770,150545.00,22.00,22.56,-0.56,After
1_KB_A10_L002,43,Cycle,Base Substitution,26199180,134547.00,23.00,23.27,-0.27,After
1_KB_A10_L002,-43,Cycle,Base Substitution,26082571,153137.00,22.00,22.48,-0.48,After
1_KB_A10_L002,44,Cycle,Base Substitution,26032588,144998.00,23.00,22.99,0.01,After
1_KB_A10_L002,-44,Cycle,Base Substitution,25954199,150902.00,22.00,22.55,-0.55,After
1_KB_A10_L002,45,Cycle,Base Substitution,25862733,120125.00,23.00,23.34,-0.34,After
1_KB_A10_L002,-45,Cycle,Base Substitution,25805306,150045.00,22.00,22.54,-0.54,After
1_KB_A10_L002,46,Cycle,Base Substitution,25710302,124320.00,23.00,23.31,-0.31,After
1_KB_A10_L002,-46,Cycle,Base Substitution,25634178,155559.00,22.00,22.54,-0.54,After
1_KB_A10_L002,47,Cycle,Base Substitution,25548635,117629.00,23.00,23.33,-0.33,After
1_KB_A10_L002,-47,Cycle,Base Substitution,25493604,152527.00,22.00,22.52,-0.52,After
1_KB_A10_L002,48,Cycle,Base Substitution,25377086,119109.00,23.00,23.33,-0.33,After
1_KB_A10_L002,-48,Cycle,Base Substitution,25342699,147191.00,22.00,22.53,-0.53,After
1_KB_A10_L002,49,Cycle,Base Substitution,25213375,118404.00,23.00,23.31,-0.31,After
1_KB_A10_L002,-49,Cycle,Base Substitution,25178245,147472.00,22.00,22.55,-0.55,After
1_KB_A10_L002,50,Cycle,Base Substitution,25047667,133242.00,23.00,23.06,-0.06,After
1_KB_A10_L002,-50,Cycle,Base Substitution,25020376,144561.00,22.00,22.54,-0.54,After
1_KB_A10_L002,51,Cycle,Base Substitution,24877675,119717.00,23.00,23.29,-0.29,After
1_KB_A10_L002,-51,Cycle,Base Substitution,24867605,147177.00,22.00,22.52,-0.52,After
1_KB_A10_L002,52,Cycle,Base Substitution,24609615,211316.00,21.00,21.45,-0.45,After
1_KB_A10_L002,-52,Cycle,Base Substitution,24696008,144715.00,22.00,22.50,-0.50,After
1_KB_A10_L002,53,Cycle,Base Substitution,24545078,114862.00,23.00,23.31,-0.31,After
1_KB_A10_L002,-53,Cycle,Base Substitution,24524140,140677.00,22.00,22.41,-0.41,After
1_KB_A10_L002,54,Cycle,Base Substitution,24377600,116087.00,23.00,23.31,-0.31,After
1_KB_A10_L002,-54,Cycle,Base Substitution,24370702,142848.00,22.00,22.40,-0.40,After
1_KB_A10_L002,55,Cycle,Base Substitution,24216283,114062.00,23.00,23.31,-0.31,After
1_KB_A10_L002,-55,Cycle,Base Substitution,24145287,158698.00,22.00,22.34,-0.34,After
1_KB_A10_L002,56,Cycle,Base Substitution,24049029,121222.00,23.00,23.25,-0.25,After
1_KB_A10_L002,-56,Cycle,Base Substitution,23997974,142668.00,22.00,22.39,-0.39,After
1_KB_A10_L002,57,Cycle,Base Substitution,23879431,114686.00,23.00,23.29,-0.29,After
1_KB_A10_L002,-57,Cycle,Base Substitution,23902689,144570.00,22.00,22.35,-0.35,After
1_KB_A10_L002,58,Cycle,Base Substitution,23599312,113734.00,23.00,23.27,-0.27,After
1_KB_A10_L002,-58,Cycle,Base Substitution,23752541,142218.00,22.00,22.47,-0.47,After
1_KB_A10_L002,59,Cycle,Base Substitution,23550702,113406.00,23.00,23.28,-0.28,After
1_KB_A10_L002,-59,Cycle,Base Substitution,23586826,137536.00,22.00,22.40,-0.40,After
1_KB_A10_L002,60,Cycle,Base Substitution,23384566,114586.00,23.00,23.27,-0.27,After
1_KB_A10_L002,-60,Cycle,Base Substitution,23443056,140234.00,22.00,22.44,-0.44,After
1_KB_A10_L002,61,Cycle,Base Substitution,23213921,112636.00,23.00,23.27,-0.27,After
1_KB_A10_L002,-61,Cycle,Base Substitution,23254074,140272.00,22.00,22.34,-0.34,After
1_KB_A10_L002,62,Cycle,Base Substitution,23040258,112203.00,23.00,23.26,-0.26,After
1_KB_A10_L002,-62,Cycle,Base Substitution,23095532,148311.00,22.00,22.30,-0.30,After
1_KB_A10_L002,63,Cycle,Base Substitution,22866150,112236.00,23.00,23.26,-0.26,After
1_KB_A10_L002,-63,Cycle,Base Substitution,22937159,134927.00,22.00,22.33,-0.33,After
1_KB_A10_L002,64,Cycle,Base Substitution,22696419,111012.00,23.00,23.25,-0.25,After
1_KB_A10_L002,-64,Cycle,Base Substitution,22766006,137674.00,22.00,22.21,-0.21,After
1_KB_A10_L002,65,Cycle,Base Substitution,22527438,109879.00,23.00,23.24,-0.24,After
1_KB_A10_L002,-65,Cycle,Base Substitution,22558290,174036.00,21.00,21.33,-0.33,After
1_KB_A10_L002,66,Cycle,Base Substitution,22357388,110035.00,23.00,23.23,-0.23,After
1_KB_A10_L002,-66,Cycle,Base Substitution,22456118,146888.00,22.00,22.35,-0.35,After
1_KB_A10_L002,67,Cycle,Base Substitution,22183414,109511.00,23.00,23.22,-0.22,After
1_KB_A10_L002,-67,Cycle,Base Substitution,22305933,132960.00,22.00,22.49,-0.49,After
1_KB_A10_L002,68,Cycle,Base Substitution,22018085,108309.00,23.00,23.23,-0.23,After
1_KB_A10_L002,-68,Cycle,Base Substitution,22148403,135367.00,22.00,22.49,-0.49,After
1_KB_A10_L002,69,Cycle,Base Substitution,21847192,109437.00,23.00,23.21,-0.21,After
1_KB_A10_L002,-69,Cycle,Base Substitution,21992346,130438.00,22.00,22.48,-0.48,After
1_KB_A10_L002,70,Cycle,Base Substitution,21677394,107722.00,23.00,23.22,-0.22,After
1_KB_A10_L002,-70,Cycle,Base Substitution,21823473,134420.00,22.00,22.46,-0.46,After
1_KB_A10_L002,71,Cycle,Base Substitution,21510148,106519.00,23.00,23.23,-0.23,After
1_KB_A10_L002,-71,Cycle,Base Substitution,21662350,128981.00,22.00,22.45,-0.45,After
1_KB_A10_L002,72,Cycle,Base Substitution,21340519,106362.00,23.00,23.20,-0.20,After
1_KB_A10_L002,-72,Cycle,Base Substitution,21502256,132060.00,22.00,22.44,-0.44,After
1_KB_A10_L002,73,Cycle,Base Substitution,21172689,105934.00,23.00,23.19,-0.19,After
1_KB_A10_L002,-73,Cycle,Base Substitution,21332731,126482.00,22.00,22.45,-0.45,After
1_KB_A10_L002,74,Cycle,Base Substitution,21002009,107032.00,23.00,22.95,0.05,After
1_KB_A10_L002,-74,Cycle,Base Substitution,21172545,129977.00,22.00,22.44,-0.44,After
1_KB_A10_L002,75,Cycle,Base Substitution,20828411,106037.00,23.00,22.95,0.05,After
1_KB_A10_L002,-75,Cycle,Base Substitution,21004945,129258.00,22.00,22.41,-0.41,After
1_KB_A10_L002,76,Cycle,Base Substitution,20657577,103274.00,23.00,22.96,0.04,After
1_KB_A10_L002,-76,Cycle,Base Substitution,20835479,125990.00,22.00,22.37,-0.37,After
1_KB_A10_L002,77,Cycle,Base Substitution,20487462,103807.00,23.00,22.95,0.05,After
1_KB_A10_L002,-77,Cycle,Base Substitution,20674290,129216.00,22.00,22.37,-0.37,After
1_KB_A10_L002,78,Cycle,Base Substitution,20314389,106246.00,23.00,22.89,0.11,After
1_KB_A10_L002,-78,Cycle,Base Substitution,20506953,126529.00,22.00,22.38,-0.38,After
1_KB_A10_L002,79,Cycle,Base Substitution,20142161,103467.00,23.00,22.90,0.10,After
1_KB_A10_L002,-79,Cycle,Base Substitution,20331835,122614.00,22.00,22.40,-0.40,After
1_KB_A10_L002,80,Cycle,Base Substitution,19954574,160361.00,21.00,21.46,-0.46,After
1_KB_A10_L002,-80,Cycle,Base Substitution,20162555,122939.00,22.00,22.35,-0.35,After
1_KB_A10_L002,81,Cycle,Base Substitution,19732088,126004.00,22.00,21.94,0.06,After
1_KB_A10_L002,-81,Cycle,Base Substitution,19975671,120042.00,22.00,22.24,-0.24,After
1_KB_A10_L002,82,Cycle,Base Substitution,19621476,100902.00,23.00,22.95,0.05,After
1_KB_A10_L002,-82,Cycle,Base Substitution,19822823,120924.00,22.00,22.35,-0.35,After
1_KB_A10_L002,83,Cycle,Base Substitution,19379128,118450.00,22.00,22.54,-0.54,After
1_KB_A10_L002,-83,Cycle,Base Substitution,19652407,117240.00,22.00,22.40,-0.40,After
1_KB_A10_L002,84,Cycle,Base Substitution,19271149,99291.00,23.00,23.16,-0.16,After
1_KB_A10_L002,-84,Cycle,Base Substitution,19477709,118441.00,22.00,22.39,-0.39,After
1_KB_A10_L002,85,Cycle,Base Substitution,19090874,98533.00,23.00,22.92,0.08,After
1_KB_A10_L002,-85,Cycle,Base Substitution,19298919,117593.00,22.00,22.34,-0.34,After
1_KB_A10_L002,86,Cycle,Base Substitution,18915393,110431.00,22.00,22.88,-0.88,After
1_KB_A10_L002,-86,Cycle,Base Substitution,19125255,117742.00,22.00,22.31,-0.31,After
1_KB_A10_L002,87,Cycle,Base Substitution,18735553,96814.00,23.00,23.14,-0.14,After
1_KB_A10_L002,-87,Cycle,Base Substitution,18946224,120227.00,22.00,22.30,-0.30,After
1_KB_A10_L002,88,Cycle,Base Substitution,18550808,96026.00,23.00,23.14,-0.14,After
1_KB_A10_L002,-88,Cycle,Base Substitution,18759271,113230.00,22.00,22.35,-0.35,After
1_KB_A10_L002,89,Cycle,Base Substitution,18369063,94559.00,23.00,23.09,-0.09,After
1_KB_A10_L002,-89,Cycle,Base Substitution,18573648,110150.00,22.00,22.38,-0.38,After
1_KB_A10_L002,90,Cycle,Base Substitution,18169703,93421.00,23.00,23.14,-0.14,After
1_KB_A10_L002,-90,Cycle,Base Substitution,18378120,108291.00,22.00,22.41,-0.41,After
1_KB_A10_L002,91,Cycle,Base Substitution,17979667,92858.00,23.00,23.13,-0.13,After
1_KB_A10_L002,-91,Cycle,Base Substitution,18182624,106618.00,22.00,22.41,-0.41,After
1_KB_A10_L002,92,Cycle,Base Substitution,17777005,122049.00,22.00,21.76,0.24,After
1_KB_A10_L002,-92,Cycle,Base Substitution,17983987,106697.00,22.00,22.38,-0.38,After
1_KB_A10_L002,93,Cycle,Base Substitution,17608276,91040.00,23.00,23.13,-0.13,After
1_KB_A10_L002,-93,Cycle,Base Substitution,17769642,108573.00,22.00,22.34,-0.34,After
1_KB_A10_L002,94,Cycle,Base Substitution,17392162,129763.00,21.00,21.46,-0.46,After
1_KB_A10_L002,-94,Cycle,Base Substitution,17547550,119807.00,22.00,22.23,-0.23,After
1_KB_A10_L002,95,Cycle,Base Substitution,17207457,87923.00,23.00,23.14,-0.14,After
1_KB_A10_L002,-95,Cycle,Base Substitution,17328511,102791.00,22.00,22.35,-0.35,After
1_KB_A10_L002,96,Cycle,Base Substitution,16987451,85548.00,23.00,23.16,-0.16,After
1_KB_A10_L002,-96,Cycle,Base Substitution,17098439,101918.00,22.00,22.47,-0.47,After
1_KB_A10_L002,97,Cycle,Base Substitution,16769599,83781.00,23.00,23.14,-0.14,After
1_KB_A10_L002,-97,Cycle,Base Substitution,16852465,90786.00,23.00,23.13,-0.13,After
1_KB_A10_L002,98,Cycle,Base Substitution,16539209,82537.00,23.00,22.91,0.09,After
1_KB_A10_L002,-98,Cycle,Base Substitution,16572997,81931.00,23.00,23.86,-0.86,After
1_KB_A10_L002,99,Cycle,Base Substitution,16152925,0.00,50.00,41.28,8.72,After
1_KB_A10_L002,-99,Cycle,Base Substitution,15918744,2.00,50.00,40.76,9.24,After
1_KB_A10_L002,100,Cycle,Base Substitution,15686466,0.00,50.00,41.07,8.93,After
1_KB_A10_L002,-100,Cycle,Base Substitution,14289684,0.00,50.00,40.78,9.22,After
1_KB_A10_L002,6,QualityScore,Base Substitution,2293656,534986.00,6.00,6.00,0.00,After
1_KB_A10_L002,7,QualityScore,Base Substitution,1323661,270698.00,7.00,7.00,0.00,After
1_KB_A10_L002,8,QualityScore,Base Substitution,3350885,535065.00,8.00,8.00,0.00,After
1_KB_A10_L002,9,QualityScore,Base Substitution,6485505,863038.00,9.00,9.00,0.00,After
1_KB_A10_L002,10,QualityScore,Base Substitution,7321750,839515.00,9.00,10.00,-1.00,After
1_KB_A10_L002,11,QualityScore,Base Substitution,9511433,888713.00,10.00,11.00,-1.00,After
1_KB_A10_L002,12,QualityScore,Base Substitution,11960655,801515.00,12.00,12.00,0.00,After
1_KB_A10_L002,13,QualityScore,Base Substitution,22342864,1272496.00,12.00,13.00,-1.00,After
1_KB_A10_L002,14,QualityScore,Base Substitution,9294755,360865.00,14.00,14.00,0.00,After
1_KB_A10_L002,15,QualityScore,Base Substitution,4030649,148543.00,14.00,15.00,-1.00,After
1_KB_A10_L002,16,QualityScore,Base Substitution,9085650,244533.00,16.00,16.00,0.00,After
1_KB_A10_L002,17,QualityScore,Base Substitution,5748798,128429.00,17.00,17.00,0.00,After
1_KB_A10_L002,18,QualityScore,Base Substitution,6587597,105642.00,18.00,18.00,0.00,After
1_KB_A10_L002,19,QualityScore,Base Substitution,20804082,240371.00,19.00,19.00,0.00,After
1_KB_A10_L002,20,QualityScore,Base Substitution,150211423,1309951.00,21.00,20.00,1.00,After
1_KB_A10_L002,21,QualityScore,Base Substitution,42134383,365575.00,21.00,21.00,0.00,After
1_KB_A10_L002,22,QualityScore,Base Substitution,106860462,677272.00,22.00,22.00,0.00,After
1_KB_A10_L002,23,QualityScore,Base Substitution,559756626,3017961.00,23.00,23.00,0.00,After
1_KB_A10_L002,24,QualityScore,Base Substitution,1482823172,6012589.00,24.00,24.00,0.00,After
1_KB_A10_L002,25,QualityScore,Base Substitution,2000901697,6557068.00,25.00,25.00,0.00,After
1_KB_A10_L002,26,QualityScore,Base Substitution,303806667,766914.00,26.00,26.00,0.00,After
1_KB_A10_L002,27,QualityScore,Base Substitution,4668231,10655.00,26.00,27.00,-1.00,After
1_KB_A10_L002,28,QualityScore,Base Substitution,2219897,0.00,40.00,28.00,12.00,After
1_KB_A10_L002,29,QualityScore,Base Substitution,2304130,0.00,41.00,29.00,12.00,After
1_KB_A10_L002,30,QualityScore,Base Substitution,1080448,0.00,39.00,30.00,9.00,After
1_KB_A10_L002,31,QualityScore,Base Substitution,3184012,0.00,42.00,31.00,11.00,After
1_KB_A10_L002,32,QualityScore,Base Substitution,9041286,2.00,46.00,32.00,14.00,After
1_KB_A10_L002,33,QualityScore,Base Substitution,17333018,4.00,48.00,33.00,15.00,After
1_KB_A10_L002,34,QualityScore,Base Substitution,38065902,3.00,51.00,34.00,17.00,After
1_KB_A10_L002,35,QualityScore,Base Substitution,23078757,1.00,50.00,35.00,15.00,After
1_KB_A10_L002,36,QualityScore,Base Substitution,916676,0.00,41.00,36.00,5.00,After
1_KB_A10_L002,37,QualityScore,Base Substitution,634720,0.00,40.00,37.00,3.00,After
1_KB_A10_L002,39,QualityScore,Base Substitution,2726071,0.00,45.00,39.00,6.00,After
1_KB_A10_L002,42,QualityScore,Base Substitution,8528872,0.00,49.00,42.00,7.00,After
1_KB_A10_L002,43,QualityScore,Base Substitution,27848295,1.00,52.00,43.00,9.00,After
1_KB_A10_L002,44,QualityScore,Base Substitution,40775163,4.00,54.00,44.00,10.00,After
1_KB_A10_L002,45,QualityScore,Base Substitution,5788021,0.00,49.00,45.00,4.00,After
